Date,RPi version,Round,Colony,RPi,Treatment,Tube,Solution,Start,End,Change,Survival,Recording,Remained_escaped,Start_t,Stop_t,Model,Additional_notes,Exclude
06/05/2026,4,1,MY1,1,0.1mM,L,0.1mM,3.1861,3.0244,0.1617,1,1,1,14:34,14:40,Old_YOLO,,
06/05/2026,4,1,MY1,1,0.1mM,R,S,3.2372,3.0038,0.2334,1,1,1,14:34,14:40,Old_YOLO,,
06/05/2026,4,1,MY1,2,2.5mM,L,2.5mM,3.4003,3.3178,0.0825,1,1,1,14:34,14:40,Old_YOLO,,
06/05/2026,4,1,MY1,2,2.5mM,R,S,3.2222,2.8796,0.3426,1,1,1,14:34,14:40,Old_YOLO,,
06/05/2026,4,1,MY1,3,5mM,L,S,3.2371,2.9705,0.2666,1,0,1,14:34,14:40,Old_YOLO,,
06/05/2026,4,1,MY1,3,5mM,R,5mM,3.1345,3.0261,0.1084,1,0,1,14:34,14:40,Old_YOLO,,
06/05/2026,4,1,MY1,4,Control,L,S,3.38,3.2307,0.1493,1,1,0,14:34,14:40,Old_YOLO,,
06/05/2026,4,1,MY1,4,Control,R,S,3.3089,3.1816,0.1273,1,1,0,14:34,14:40,Old_YOLO,,
06/05/2026,4,1,MY1,5,0.5mM,L,S,3.2589,3.0308,0.2281,1,1,1,14:34,14:40,Old_YOLO,,
06/05/2026,4,1,MY1,5,0.5mM,R,0.5mM,3.2486,3.01,0.2386,1,1,1,14:34,14:40,Old_YOLO,,
06/05/2026,4,1,MY1,6,Control,L,S,3.0202,2.9133,0.1069,0,1,1,14:34,14:40,Old_YOLO,,
06/05/2026,4,1,MY1,6,Control,R,S,3.2165,3.0975,0.119,0,1,1,14:34,14:40,Old_YOLO,,
06/05/2026,4,1,MY1,7,0.1mM,L,0.1mM,3.3748,3.2611,0.1137,1,1,1,14:34,14:40,Old_YOLO,,
06/05/2026,4,1,MY1,7,0.1mM,R,S,3.2421,2.8973,0.3448,1,1,1,14:34,14:40,Old_YOLO,,
06/05/2026,4,1,MY1,8,0.5mM,L,0.5mM,3.228,3.0638,0.1642,1,1,1,14:34,14:40,Old_YOLO,,
06/05/2026,4,1,MY1,8,0.5mM,R,S,3.2959,3.0427,0.2532,1,1,1,14:34,14:40,Old_YOLO,,
06/05/2026,4,1,MY1,9,5mM,L,5mM,3.2146,3.1276,0.087,1,1,0,14:34,14:40,Old_YOLO,,
06/05/2026,4,1,MY1,9,5mM,R,S,3.0457,2.9284,0.1173,1,1,0,14:34,14:40,Old_YOLO,,
06/05/2026,4,1,MY1,10,2.5mM,L,2.5mM,3.3449,3.1838,0.1611,1,1,1,14:34,14:40,Old_YOLO,,
06/05/2026,4,1,MY1,10,2.5mM,R,S,3.1709,2.6967,0.4742,1,1,1,14:34,14:40,Old_YOLO,,
07/05/2026,5,2,MY2,11,0.5mM,L,S,3.2047,3.1462,0.0585,0,1,1,14:15,15:35,Old_YOLO,,
07/05/2026,5,2,MY2,11,0.5mM,R,0.5mM,3.4245,3.3058,0.1187,0,1,1,14:15,15:35,Old_YOLO,,
07/05/2026,5,2,MY2,12,Control,L,S,3.3689,3.2896,0.0793,1,1,1,14:15,15:35,Old_YOLO,,
07/05/2026,5,2,MY2,12,Control,R,S,3.2905,3.2982,0.0077,1,1,1,14:15,15:35,Old_YOLO,,
07/05/2026,5,2,MY2,13,2.5mM,L,S,3.3096,3.177,0.1326,0,1,1,14:15,15:35,Old_YOLO,,
07/05/2026,5,2,MY2,13,2.5mM,R,2.5mM,3.266,3.2175,0.0485,0,1,1,14:15,15:35,Old_YOLO,,
07/05/2026,5,2,MY2,14,0.1mM,L,S,3.5069,3.3737,0.1332,0,1,1,14:15,15:35,Old_YOLO,,
07/05/2026,5,2,MY2,14,0.1mM,R,0.1mM,3.349,3.2822,0.0668,0,1,1,14:15,15:35,Old_YOLO,,
07/05/2026,5,2,MY2,15,5mM,L,S,3.3509,3.2484,0.1025,1,1,1,14:15,15:35,Old_YOLO,,
07/05/2026,5,2,MY2,15,5mM,R,5mM,3.3921,3.3218,0.0703,1,1,1,14:15,15:35,Old_YOLO,,
07/05/2026,5,2,MY2,16,5mM,L,S,3.26,3.1877,0.0723,0,1,1,14:15,15:35,Old_YOLO,,
07/05/2026,5,2,MY2,16,5mM,R,5mM,3.3057,3.2512,0.0545,0,1,1,14:15,15:35,Old_YOLO,,
07/05/2026,5,2,MY2,17,Control,L,S,3.3006,3.2424,0.0582,0,1,1,14:15,15:35,Old_YOLO,,
07/05/2026,5,2,MY2,17,Control,R,S,3.34,3.2792,0.0608,0,1,1,14:15,15:35,Old_YOLO,,
07/05/2026,5,2,MY2,18,2.5mM,L,S,3.2787,3.2271,0.0516,0,1,1,14:15,15:35,Old_YOLO,,
07/05/2026,5,2,MY2,18,2.5mM,R,2.5mM,3.2667,3.2292,0.0375,0,1,1,14:15,15:35,Old_YOLO,,
07/05/2026,5,2,MY2,19,0.5mM,L,0.5mM,NA,NA,NA,NA,0,NA,NA,15:35,Old_YOLO,,
07/05/2026,5,2,MY2,19,0.5mM,R,S,NA,NA,NA,NA,0,NA,NA,15:35,Old_YOLO,,
07/05/2026,5,2,MY2,20,0.1mM,L,0.1mM,3.3041,3.2545,0.0496,0,1,1,14:15,15:35,Old_YOLO,,
07/05/2026,5,2,MY2,20,0.1mM,R,S,3.3797,3.2754,3.3797,0,1,1,14:15,15:35,Old_YOLO,
07/05/2026,4,3,MY3,1,5mM,L,5mM,3.241,3.1393,0.1017,1,1,1,15:35,14:15,Old_YOLO,,
07/05/2026,4,3,MY3,1,5mM,R,S,3.2811,3.1343,0.1468,1,1,1,15:35,14:15,Old_YOLO,,
07/05/2026,4,3,MY3,2,0.5mM,L,0.5mM,3.2421,3.1599,0.0822,1,1,1,15:35,14:15,Old_YOLO,,
07/05/2026,4,3,MY3,2,0.5mM,R,S,3.4524,3.1882,0.2642,1,1,1,15:35,14:15,Old_YOLO,,
07/05/2026,4,3,MY3,3,Control,L,S,3.3068,3.2095,0.0973,1,1,0,15:35,14:15,Old_YOLO,,
07/05/2026,4,3,MY3,3,Control,R,S,3.3261,3.261,0.0651,1,1,0,15:35,14:15,Old_YOLO,,
07/05/2026,4,3,MY3,4,2.5mM,L,S,3.348,3.277,0.071,1,1,0,15:35,14:15,Old_YOLO,,
07/05/2026,4,3,MY3,4,2.5mM,R,2.5mM,3.3825,3.3383,0.0442,1,1,0,15:35,14:15,Old_YOLO,,
07/05/2026,4,3,MY3,5,0.1mM,L,S,3.2343,3.1755,0.0588,1,1,1,15:35,14:15,Old_YOLO,,
07/05/2026,4,3,MY3,5,0.1mM,R,0.1mM,3.2539,3.1789,0.075,1,1,1,15:35,14:15,Old_YOLO,,
07/05/2026,4,3,MY3,6,2.5mM,L,2.5mM,3.2689,3.1643,0.1046,1,1,1,15:35,14:15,Old_YOLO,,
07/05/2026,4,3,MY3,6,2.5mM,R,S,3.3145,3.1941,0.1204,1,1,1,15:35,14:15,Old_YOLO,,
07/05/2026,4,3,MY3,7,0.5mM,L,0.5mM,3.3331,3.2251,0.108,0,1,1,15:35,14:15,Old_YOLO,,
07/05/2026,4,3,MY3,7,0.5mM,R,S,3.2093,3.0985,0.1108,0,1,1,15:35,14:15,Old_YOLO,,
07/05/2026,4,3,MY3,8,Control,L,S,3.3814,3.2841,0.0973,1,1,1,15:35,14:15,Old_YOLO,,
07/05/2026,4,3,MY3,8,Control,R,S,3.3498,3.2824,0.0674,1,1,1,15:35,14:15,Old_YOLO,,
07/05/2026,4,3,MY3,9,5mM,L,5mM,3.421,3.3091,0.1119,1,1,1,15:35,14:15,Old_YOLO,,
07/05/2026,4,3,MY3,9,5mM,R,S,3.2691,3.1144,0.1547,1,1,1,15:35,14:15,Old_YOLO,,
07/05/2026,4,3,MY3,10,0.1mM,L,0.1mM,3.3659,3.2379,0.128,1,1,1,15:35,14:15,Old_YOLO,,
07/05/2026,4,3,MY3,10,0.1mM,R,S,3.3239,2.9197,0.4042,1,1,1,15:35,14:15,Old_YOLO,,
11/05/2026,4,4,MY4,1,0.1mM,L,S,3.4745,3.3383,0.1362,1,1,1,11:35,11:40,Old_YOLO,,
11/05/2026,4,4,MY4,1,0.1mM,R,0.1mM,3.3317,3.1997,0.132,1,1,1,11:35,11:40,Old_YOLO,,
11/05/2026,4,4,MY4,2,2.5mM,L,S,3.3854,3.2696,0.1158,1,1,0,11:35,11:40,Old_YOLO,,
11/05/2026,4,4,MY4,2,2.5mM,R,2.5mM,3.2529,3.1874,0.0655,1,1,0,11:35,11:40,Old_YOLO,,
11/05/2026,4,4,MY4,3,5mM,L,5mM,3.2815,3.2076,0.0739,1,1,1,11:35,11:40,Old_YOLO,,
11/05/2026,4,4,MY4,3,5mM,R,S,3.2793,3.1699,0.1094,1,1,1,11:35,11:40,Old_YOLO,,
11/05/2026,4,4,MY4,4,0.5mM,L,S,3.288,3.1919,0.0961,0,1,1,11:35,11:40,Old_YOLO,,
11/05/2026,4,4,MY4,4,0.5mM,R,0.5mM,3.2582,3.159,0.0992,0,1,1,11:35,11:40,Old_YOLO,,
11/05/2026,4,4,MY4,5,Control,L,S,3.3523,3.2727,0.0796,0,1,1,11:35,11:40,Old_YOLO,,
11/05/2026,4,4,MY4,5,Control,R,S,3.4221,3.3086,0.1135,0,1,1,11:35,11:40,Old_YOLO,,
11/05/2026,4,4,MY4,6,5mM,L,S,3.3397,3.1635,0.1762,1,1,1,11:35,11:40,Old_YOLO,,
11/05/2026,4,4,MY4,6,5mM,R,5mM,3.4059,3.324,0.0819,1,1,1,11:35,11:40,Old_YOLO,,
11/05/2026,4,4,MY4,7,2.5mM,L,2.5mM,3.2721,3.1385,0.1336,1,1,1,11:35,11:40,Old_YOLO,,
11/05/2026,4,4,MY4,7,2.5mM,R,S,3.3301,3.1898,0.1403,1,1,1,11:35,11:40,Old_YOLO,,
11/05/2026,4,4,MY4,8,0.1mM,L,S,3.2876,3.0018,0.2858,1,1,1,11:35,11:40,Old_YOLO,,
11/05/2026,4,4,MY4,8,0.1mM,R,0.1mM,3.2597,3.1272,0.1325,1,1,1,11:35,11:40,Old_YOLO,,
11/05/2026,4,4,MY4,9,Control,L,S,3.3205,3.0734,0.2471,1,1,1,11:35,11:40,Old_YOLO,,
11/05/2026,4,4,MY4,9,Control,R,S,3.3774,3.1548,0.2226,1,1,1,11:35,11:40,Old_YOLO,,
11/05/2026,4,4,MY4,10,0.5mM,L,0.5mM,3.2881,3.0081,0.28,1,1,1,11:35,11:40,Old_YOLO,,
11/05/2026,4,4,MY4,10,0.5mM,R,S,3.3697,3.146,0.2237,1,1,1,11:35,11:40,Old_YOLO,,
11/05/2026,5,5,MY1,11,0.1mM,L,S,3.4519,3.2082,0.2437,1,1,1,12:15,12:22,Old_YOLO,,
11/05/2026,5,5,MY1,11,0.1mM,R,0.1mM,3.2012,2.965,0.2362,1,1,1,12:15,12:22,Old_YOLO,,
11/05/2026,5,5,MY1,12,2.5mM,L,2.5mM,3.2622,3.2,0.0622,0,1,1,12:15,12:22,Old_YOLO,,
11/05/2026,5,5,MY1,12,2.5mM,R,S,3.3137,3.2477,0.066,0,1,1,12:15,12:22,Old_YOLO,,
11/05/2026,5,5,MY1,13,0.5mM,L,0.5mM,3.2977,3.2366,0.0611,0,1,1,12:15,12:22,Old_YOLO,,
11/05/2026,5,5,MY1,13,0.5mM,R,S,3.3507,3.2636,0.0871,0,1,1,12:15,12:22,Old_YOLO,,
11/05/2026,5,5,MY1,14,Control,L,S,3.4856,3.4313,0.0543,0,1,1,12:15,12:22,Old_YOLO,,
11/05/2026,5,5,MY1,14,Control,R,S,3.3994,3.255,0.1444,0,1,1,12:15,12:22,Old_YOLO,,
11/05/2026,5,5,MY1,15,5mM,L,5mM,3.1497,3.1109,0.0388,1,1,1,12:15,12:22,Old_YOLO,,
11/05/2026,5,5,MY1,15,5mM,R,S,3.2689,2.9131,0.3558,1,1,1,12:15,12:22,Old_YOLO,,
11/05/2026,5,5,MY1,16,0.1mM,L,S,3.3083,3.2408,0.0675,0,1,1,12:15,12:22,Old_YOLO,,
11/05/2026,5,5,MY1,16,0.1mM,R,0.1mM,3.271,3.2197,0.0513,0,1,1,12:15,12:22,Old_YOLO,,
11/05/2026,5,5,MY1,17,2.5mM,L,S,3.2722,3.1844,0.0878,0,1,1,12:15,12:22,Old_YOLO,,
11/05/2026,5,5,MY1,17,2.5mM,R,2.5mM,3.3121,3.2393,0.0728,0,1,1,12:15,12:22,Old_YOLO,,
11/05/2026,5,5,MY1,18,Control,L,S,3.2926,3.238,0.0546,0,1,1,12:15,12:22,Old_YOLO,,
11/05/2026,5,5,MY1,18,Control,R,S,3.3538,3.271,0.0828,0,1,1,12:15,12:22,Old_YOLO,,
11/05/2026,5,5,MY1,19,0.5mM,L,S,NA,NA,NA,NA,0,NA,12:15,12:22,Old_YOLO,,
11/05/2026,5,5,MY1,19,0.5mM,R,0.5mM,NA,NA,NA,NA,0,NA,12:15,12:22,Old_YOLO,,
11/05/2026,5,5,MY1,20,5mM,L,5mM,3.2546,3.1599,0.0947,0,1,1,12:15,12:22,Old_YOLO,,
11/05/2026,5,5,MY1,20,5mM,R,S,3.2744,3.2046,0.0698,0,1,1,12:15,12:22,Old_YOLO,,
12/05/2026,4,6,MY2,1,Control,L,S,3.2244,3.1488,0.0756,1,1,1,12:22,12:25,Old_YOLO,,
12/05/2026,4,6,MY2,1,Control,R,S,3.3189,3.2382,0.0807,1,1,1,12:22,12:25,Old_YOLO,,
12/05/2026,4,6,MY2,2,0.1mM,L,S,3.3344,3.1732,0.1612,1,1,1,12:22,12:25,Old_YOLO,,
12/05/2026,4,6,MY2,2,0.1mM,R,0.1mM,3.2287,3.093,0.1357,1,1,1,12:22,12:25,Old_YOLO,,
12/05/2026,4,6,MY2,3,5mM,L,S,3.3695,3.3085,0.061,0,1,1,12:22,12:25,Old_YOLO,,
12/05/2026,4,6,MY2,3,5mM,R,5mM,3.3115,3.2352,0.0763,0,1,1,12:22,12:25,Old_YOLO,,
12/05/2026,4,6,MY2,4,2.5mM,L,2.5mM,3.2899,3.1053,0.1846,1,1,1,12:22,12:25,Old_YOLO,,
12/05/2026,4,6,MY2,4,2.5mM,R,S,3.302,3.0986,0.2034,1,1,1,12:22,12:25,Old_YOLO,,
12/05/2026,4,6,MY2,5,0.5mM,L,0.5mM,3.2585,3.165,0.0935,1,1,1,12:22,12:25,Old_YOLO,,
12/05/2026,4,6,MY2,5,0.5mM,R,S,3.297,3.0973,0.1997,1,1,1,12:22,12:25,Old_YOLO,,
12/05/2026,4,6,MY2,6,0.1mM,L,0.1mM,3.2071,3.045,0.1621,1,1,1,12:22,12:25,Old_YOLO,,
12/05/2026,4,6,MY2,6,0.1mM,R,S,3.4065,3.2412,0.1653,1,1,1,12:22,12:25,Old_YOLO,,
12/05/2026,4,6,MY2,7,0.5mM,L,S,3.4181,3.2336,0.1845,0,1,1,12:22,12:25,Old_YOLO,,
12/05/2026,4,6,MY2,7,0.5mM,R,0.5mM,3.1584,3.0717,0.0867,0,1,1,12:22,12:25,Old_YOLO,,
12/05/2026,4,6,MY2,8,Control,L,S,3.3675,3.2,0.1675,0,1,1,12:22,12:25,Old_YOLO,,
12/05/2026,4,6,MY2,8,Control,R,S,3.3205,3.2389,0.0816,0,1,1,12:22,12:25,Old_YOLO,,
12/05/2026,4,6,MY2,9,5mM,L,S,3.2633,3.2063,0.057,0,1,1,12:22,12:25,Old_YOLO,,
12/05/2026,4,6,MY2,9,5mM,R,5mM,3.3063,3.2319,0.0744,0,1,1,12:22,12:25,Old_YOLO,,
12/05/2026,4,6,MY2,10,2.5mM,L,S,3.257,3.1135,0.1435,0,1,1,12:22,12:25,Old_YOLO,,
12/05/2026,4,6,MY2,10,2.5mM,R,2.5mM,3.3756,3.2789,0.0967,0,1,1,12:22,12:25,Old_YOLO,,
12/05/2026,5,7,MY3,11,Control,L,S,3.1952,3.1482,0.047,0,1,1,14:05,14:06,Old_YOLO,,
12/05/2026,5,7,MY3,11,Control,R,S,3.3875,3.3123,0.0752,0,1,1,14:05,14:06,Old_YOLO,,
12/05/2026,5,7,MY3,12,0.1mM,L,0.1mM,3.1272,3.0772,0.05,0,1,1,14:05,14:06,Old_YOLO,,
12/05/2026,5,7,MY3,12,0.1mM,R,S,3.3756,3.3438,0.0318,0,1,1,14:05,14:06,Old_YOLO,,
12/05/2026,5,7,MY3,13,2.5mM,L,S,3.3697,3.3122,0.0575,0,1,1,14:05,14:06,Old_YOLO,,
12/05/2026,5,7,MY3,13,2.5mM,R,2.5mM,3.2624,3.2114,0.051,0,1,1,14:05,14:06,Old_YOLO,,
12/05/2026,5,7,MY3,14,5mM,L,S,3.3982,3.3554,0.0428,0,1,1,14:05,14:06,Old_YOLO,,
12/05/2026,5,7,MY3,14,5mM,R,5mM,3.3619,3.3025,0.0594,0,1,1,14:05,14:06,Old_YOLO,,
12/05/2026,5,7,MY3,15,0.5mM,L,0.5mM,3.256,3.2111,0.0449,0,1,1,14:05,14:06,Old_YOLO,,
12/05/2026,5,7,MY3,15,0.5mM,R,S,3.349,3.3219,0.0271,0,1,1,14:05,14:06,Old_YOLO,,
12/05/2026,5,7,MY3,16,2.5mM,L,S,3.298,3.236,0.062,0,1,1,14:05,14:06,Old_YOLO,,
12/05/2026,5,7,MY3,16,2.5mM,R,2.5mM,3.3093,3.2613,0.048,0,1,1,14:05,14:06,Old_YOLO,,
12/05/2026,5,7,MY3,17,0.1mM,L,S,3.2655,3.2188,0.0467,0,1,1,14:05,14:06,Old_YOLO,,
12/05/2026,5,7,MY3,17,0.1mM,R,0.1mM,3.2036,3.1426,0.061,0,1,1,14:05,14:06,Old_YOLO,,
12/05/2026,5,7,MY3,18,Control,L,S,3.2333,3.1786,0.0547,0,1,1,14:05,14:06,Old_YOLO,,
12/05/2026,5,7,MY3,18,Control,R,S,3.3377,3.3054,0.0323,0,1,1,14:05,14:06,Old_YOLO,,
12/05/2026,5,7,MY3,19,0.5mM,L,S,NA,NA,NA,NA,0,NA,14:05,14:06,Old_YOLO,,
12/05/2026,5,7,MY3,19,0.5mM,R,0.5mM,NA,NA,NA,NA,0,NA,14:05,14:06,Old_YOLO,,
12/05/2026,5,7,MY3,20,5mM,L,5mM,3.2136,3.0808,0.1328,1,1,1,14:05,14:06,Old_YOLO,,
12/05/2026,5,7,MY3,20,5mM,R,S,3.2766,3.1556,0.121,1,1,1,14:05,14:06,Old_YOLO,,
13/05/2026,4,8,MY4,1,Control,L,S,3.4768,3.2782,0.1986,1,1,1,12:22,12:25,YOLO_tubes,,
13/05/2026,4,8,MY4,1,Control,R,S,3.385,3.2728,0.1122,1,1,1,12:22,12:25,YOLO_tubes,,
13/05/2026,4,8,MY4,2,0.1mM,L,S,3.3479,3.2591,0.0888,1,1,1,12:22,12:25,YOLO_tubes,,
13/05/2026,4,8,MY4,2,0.1mM,R,0.1mM,3.1895,3.0494,0.1401,1,1,1,12:22,12:25,YOLO_tubes,,
13/05/2026,4,8,MY4,3,2.5mM,L,S,3.3219,3.2029,0.119,1,1,1,12:22,12:25,YOLO_tubes,,
13/05/2026,4,8,MY4,3,2.5mM,R,2.5mM,3.1816,3.098,0.0836,1,1,1,12:22,12:25,YOLO_tubes,,
13/05/2026,4,8,MY4,4,5mM,L,5mM,3.2494,3.1211,0.1283,0,1,1,12:22,12:25,YOLO_tubes,,
13/05/2026,4,8,MY4,4,5mM,R,S,3.2717,3.1898,0.0819,0,1,1,12:22,12:25,YOLO_tubes,,
13/05/2026,4,8,MY4,5,0.5mM,L,0.5mM,3.3113,3.2039,0.1074,0,1,1,12:22,12:25,YOLO_tubes,,
13/05/2026,4,8,MY4,5,0.5mM,R,S,3.2513,3.1692,0.0821,0,1,1,12:22,12:25,YOLO_tubes,,
13/05/2026,4,8,MY4,6,5mM,L,S,3.367,2.9941,0.3729,1,1,1,12:22,12:25,YOLO_tubes,,
13/05/2026,4,8,MY4,6,5mM,R,5mM,3.3867,3.3151,0.0716,1,1,1,12:22,12:25,YOLO_tubes,,
13/05/2026,4,8,MY4,7,0.1mM,L,0.1mM,3.1095,2.9415,0.168,0,1,1,12:22,12:25,YOLO_tubes,,
13/05/2026,4,8,MY4,7,0.1mM,R,S,3.2825,3.1897,0.0928,0,1,1,12:22,12:25,YOLO_tubes,,
13/05/2026,4,8,MY4,8,2.5mM,L,S,3.4049,NA,NA,1,1,1,12:22,12:25,YOLO_tubes,the L tube had opened and leaked all the liquid (probably got caught on something in the incubator),1
13/05/2026,4,8,MY4,8,2.5mM,R,2.5mM,3.3378,3.219,NA,1,1,1,12:22,12:25,YOLO_tubes,,
13/05/2026,4,8,MY4,9,Control,L,S,3.3141,3.1547,0.1594,1,1,1,12:22,12:25,YOLO_tubes,,
13/05/2026,4,8,MY4,9,Control,R,S,3.2822,3.1247,0.1575,1,1,1,12:22,12:25,YOLO_tubes,,
13/05/2026,4,8,MY4,10,0.5mM,L,0.5mM,3.3731,3.2731,0.1,1,1,1,12:22,12:25,YOLO_tubes,,
13/05/2026,4,8,MY4,10,0.5mM,R,S,3.3581,3.174,0.1841,1,1,1,12:22,12:25,YOLO_tubes,,
13/05/2026,5,9,MY1,11,5mM,L,S,3.2686,3.2207,0.0479,0,1,1,14:45,14:48,YOLO_tubes,,
13/05/2026,5,9,MY1,11,5mM,R,5mM,3.3546,3.2951,0.0595,0,1,1,14:45,14:48,YOLO_tubes,,
13/05/2026,5,9,MY1,12,2.5mM,L,2.5mM,3.2625,3.1568,0.1057,0,1,1,14:45,14:48,YOLO_tubes,,
13/05/2026,5,9,MY1,12,2.5mM,R,S,3.3172,3.2738,0.0434,0,1,1,14:45,14:48,YOLO_tubes,,
13/05/2026,5,9,MY1,13,0.5mM,L,S,3.2603,3.2428,0.0175,1,1,1,14:45,14:48,YOLO_tubes,,
13/05/2026,5,9,MY1,13,0.5mM,R,0.5mM,3.3677,3.1846,0.1831,1,1,1,14:45,14:48,YOLO_tubes,,
13/05/2026,5,9,MY1,14,0.1mM,L,S,3.3081,3.1055,0.2026,0,1,1,14:45,14:48,YOLO_tubes,,
13/05/2026,5,9,MY1,14,0.1mM,R,0.1mM,3.1701,3.2404,0.0703,0,1,1,14:45,14:48,YOLO_tubes,,
13/05/2026,5,9,MY1,15,Control,L,S,3.2197,3.1295,0.0902,1,1,1,14:45,14:48,YOLO_tubes,,
13/05/2026,5,9,MY1,15,Control,R,S,3.1934,3.1513,0.0421,1,1,1,14:45,14:48,YOLO_tubes,,
13/05/2026,5,9,MY1,16,0.1mM,L,S,3.2905,3.2234,0.0671,0,1,1,14:45,14:48,YOLO_tubes,,
13/05/2026,5,9,MY1,16,0.1mM,R,0.1mM,3.2126,3.1439,0.0687,0,1,1,14:45,14:48,YOLO_tubes,,
13/05/2026,5,9,MY1,17,5mM,L,5mM,3.3422,3.2401,0.1021,1,1,0,14:45,14:48,YOLO_tubes,,
13/05/2026,5,9,MY1,17,5mM,R,S,3.1836,3.13,0.0536,1,1,0,14:45,14:48,YOLO_tubes,,
13/05/2026,5,9,MY1,18,0.5mM,L,0.5mM,3.2462,3.0538,0.1924,1,1,1,14:45,14:48,YOLO_tubes,,
13/05/2026,5,9,MY1,18,0.5mM,R,S,3.2389,3.1727,0.0662,1,1,1,14:45,14:48,YOLO_tubes,,
13/05/2026,5,9,MY1,19,2.5mM,L,S,NA,NA,NA,NA,0,NA,14:45,14:48,YOLO_tubes,,
13/05/2026,5,9,MY1,19,2.5mM,R,2.5mM,NA,NA,NA,NA,0,NA,14:45,14:48,YOLO_tubes,,
13/05/2026,5,9,MY1,20,Control,L,S,3.2465,3.1938,0.0527,0,1,1,14:45,14:48,YOLO_tubes,,
13/05/2026,5,9,MY1,20,Control,R,S,3.3582,3.3076,0.0506,0,1,1,14:45,14:48,YOLO_tubes,,
14/05/2026,4,10,MY1,1,Control,L,S,3.412,3.056,0.356,1,1,1,13:35,14:15,YOLO_tubes,,
14/05/2026,4,10,MY1,1,Control,R,S,3.4532,3.2159,0.2373,1,1,1,13:35,14:15,YOLO_tubes,,
14/05/2026,4,10,MY1,2,2.5mM,L,S,3.3793,2.9829,0.3964,1,1,1,13:35,14:15,YOLO_tubes,,
14/05/2026,4,10,MY1,2,2.5mM,R,2.5mM,3.3714,3.2847,0.0867,1,1,1,13:35,14:15,YOLO_tubes,,
14/05/2026,4,10,MY1,3,5mM,L,5mM,3.2883,3.1537,0.1346,1,1,1,13:35,14:15,YOLO_tubes,,
14/05/2026,4,10,MY1,3,5mM,R,S,3.3539,3.0381,0.3158,1,1,1,13:35,14:15,YOLO_tubes,,
14/05/2026,4,10,MY1,4,0.1mM,L,S,3.4554,3.3353,0.1201,1,1,1,13:35,14:15,YOLO_tubes,,
14/05/2026,4,10,MY1,4,0.1mM,R,0.1mM,3.2899,2.9002,0.3897,1,1,1,13:35,14:15,YOLO_tubes,,
14/05/2026,4,10,MY1,5,0.5mM,L,S,3.4827,3.2321,0.2506,1,1,1,13:35,14:15,YOLO_tubes,,
14/05/2026,4,10,MY1,5,0.5mM,R,0.5mM,3.3136,3.0623,0.2513,1,1,1,13:35,14:15,YOLO_tubes,,
14/05/2026,4,10,MY1,6,Control,L,S,3.3888,3.1387,0.2501,1,1,1,13:35,14:15,YOLO_tubes,,
14/05/2026,4,10,MY1,6,Control,R,S,3.3612,3.0765,0.2847,1,1,1,13:35,14:15,YOLO_tubes,,
14/05/2026,4,10,MY1,7,5mM,L,S,3.3175,3.1177,0.1998,1,1,1,13:35,14:15,YOLO_tubes,,
14/05/2026,4,10,MY1,7,5mM,R,5mM,3.2972,3.1835,0.1137,1,1,1,13:35,14:15,YOLO_tubes,,
14/05/2026,4,10,MY1,8,2.5mM,L,S,3.4155,3.226,0.1895,0,1,1,13:35,14:15,YOLO_tubes,,
14/05/2026,4,10,MY1,8,2.5mM,R,2.5mM,3.4111,3.3263,0.0848,0,1,1,13:35,14:15,YOLO_tubes,,
14/05/2026,4,10,MY1,9,0.5mM,L,S,3.3057,3.098,0.2077,1,1,1,13:35,14:15,YOLO_tubes,,
14/05/2026,4,10,MY1,9,0.5mM,R,0.5mM,3.483,3.2226,0.2604,1,1,1,13:35,14:15,YOLO_tubes,,
14/05/2026,4,10,MY1,10,0.1mM,L,0.1mM,3.3718,3.1785,0.1933,1,1,1,13:35,14:15,YOLO_tubes,,
14/05/2026,4,10,MY1,10,0.1mM,R,S,3.3556,3.1671,0.1885,1,1,1,13:35,14:15,YOLO_tubes,,
14/05/2026,5,11,MY4,11,0.5mM,L,S,3.2129,3.1669,0.046,1,1,1,15:23,15:24,YOLO_tubes,,
14/05/2026,5,11,MY4,11,0.5mM,R,0.5mM,3.3832,3.3594,0.0238,1,1,1,15:23,15:24,YOLO_tubes,,
14/05/2026,5,11,MY4,12,2.5mM,L,S,3.2483,3.2099,0.0384,1,1,1,15:23,15:24,YOLO_tubes,,
14/05/2026,5,11,MY4,12,2.5mM,R,2.5mM,3.3702,3.3384,0.0318,1,1,1,15:23,15:24,YOLO_tubes,,
14/05/2026,5,11,MY4,13,5mM,L,5mM,3.1354,3.0906,0.0448,1,1,1,15:23,15:24,YOLO_tubes,,
14/05/2026,5,11,MY4,13,5mM,R,S,3.3093,3.2811,0.0282,1,1,1,15:23,15:24,YOLO_tubes,,
14/05/2026,5,11,MY4,14,0.1mM,L,S,3.3069,3.2731,0.0338,1,1,1,15:23,15:24,YOLO_tubes,,
14/05/2026,5,11,MY4,14,0.1mM,R,0.1mM,3.2189,3.1765,0.0424,1,1,1,15:23,15:24,YOLO_tubes,,
14/05/2026,5,11,MY4,15,Control,L,S,3.3504,3.2699,0.0805,1,1,1,15:23,15:24,YOLO_tubes,,
14/05/2026,5,11,MY4,15,Control,R,S,3.3136,3.1926,0.121,1,1,1,15:23,15:24,YOLO_tubes,,
14/05/2026,5,11,MY4,16,2.5mM,L,2.5mM,3.3541,3.2658,0.0883,1,1,1,15:23,15:24,YOLO_tubes,,
14/05/2026,5,11,MY4,16,2.5mM,R,S,3.3424,3.2771,0.0653,1,1,1,15:23,15:24,YOLO_tubes,,
14/05/2026,5,11,MY4,17,5mM,L,S,3.3563,3.274,0.0823,1,1,1,15:23,15:24,YOLO_tubes,,
14/05/2026,5,11,MY4,17,5mM,R,5mM,3.3275,3.2871,0.0404,1,1,1,15:23,15:24,YOLO_tubes,,
14/05/2026,5,11,MY4,18,Control,L,S,3.38,2.6174,0.7626,1,1,1,15:23,15:24,YOLO_tubes,,
14/05/2026,5,11,MY4,18,Control,R,S,3.3843,3.3397,0.0446,1,1,1,15:23,15:24,YOLO_tubes,,
14/05/2026,5,11,MY4,19,0.1mM,L,S,NA,,#VALUE!,1,1,1,15:23,15:24,YOLO_tubes,,
14/05/2026,5,11,MY4,19,0.1mM,R,0.1mM,NA,,#VALUE!,1,1,1,15:23,15:24,YOLO_tubes,,
14/05/2026,5,11,MY4,20,0.5mM,L,S,3.3715,3.329,0.0425,1,1,1,15:23,15:24,YOLO_tubes,,
14/05/2026,5,11,MY4,20,0.5mM,R,0.5mM,3.3338,3.2357,0.0981,1,1,1,15:23,15:24,YOLO_tubes,,
15/05/2026,4,12,MY1,1,0.5mM,L,S,3.3277,3.1594,0.1683,1,1,1,15:19,15:20,YOLO_tubes,,
15/05/2026,4,12,MY1,1,0.5mM,R,0.5mM,3.2365,3.0624,0.1741,1,1,1,15:19,15:20,YOLO_tubes,,
15/05/2026,4,12,MY1,2,0.1mM,L,S,3.2779,2.857,0.4209,1,1,1,15:19,15:20,YOLO_tubes,,
15/05/2026,4,12,MY1,2,0.1mM,R,0.1mM,3.2052,2.9841,0.2211,1,1,1,15:19,15:20,YOLO_tubes,,
15/05/2026,4,12,MY1,3,5mM,L,5mM,3.4041,3.2861,0.118,1,1,1,15:19,15:20,YOLO_tubes,,
15/05/2026,4,12,MY1,3,5mM,R,S,3.3023,3.0442,0.2581,1,1,1,15:19,15:20,YOLO_tubes,,
15/05/2026,4,12,MY1,4,Control,L,S,3.459,3.3139,0.1451,1,1,1,15:19,15:20,YOLO_tubes,,
15/05/2026,4,12,MY1,4,Control,R,S,3.4278,3.1002,0.3276,1,1,1,15:19,15:20,YOLO_tubes,,
15/05/2026,4,12,MY1,5,2.5mM,L,S,3.3436,3.1265,0.2171,0,1,1,15:19,15:20,YOLO_tubes,,
15/05/2026,4,12,MY1,5,2.5mM,R,2.5mM,3.3357,3.2096,0.1261,0,1,1,15:19,15:20,YOLO_tubes,,
15/05/2026,4,12,MY1,6,0.5mM,L,S,3.4189,3.1279,0.291,1,1,1,15:19,15:20,YOLO_tubes,,
15/05/2026,4,12,MY1,6,0.5mM,R,0.5mM,3.4206,3.3192,0.1014,1,1,1,15:19,15:20,YOLO_tubes,,
15/05/2026,4,12,MY1,7,2.5mM,L,2.5mM,3.3563,3.2916,0.0647,0,1,1,15:19,15:20,YOLO_tubes,,
15/05/2026,4,12,MY1,7,2.5mM,R,S,3.4614,3.3092,0.1522,0,1,1,15:19,15:20,YOLO_tubes,,
15/05/2026,4,12,MY1,8,Control,L,S,3.4385,3.2509,0.1876,0,1,1,15:19,15:20,YOLO_tubes,,
15/05/2026,4,12,MY1,8,Control,R,S,3.3689,3.0375,0.3314,0,1,1,15:19,15:20,YOLO_tubes,,
15/05/2026,4,12,MY1,9,0.1mM,L,0.1mM,3.2948,2.98,0.3148,1,1,1,15:19,15:20,YOLO_tubes,,
15/05/2026,4,12,MY1,9,0.1mM,R,S,3.3078,3.2401,0.0677,1,1,1,15:19,15:20,YOLO_tubes,,
15/05/2026,4,12,MY1,10,5mM,L,5mM,3.4552,3.3331,0.1221,1,1,1,15:19,15:20,YOLO_tubes,,
15/05/2026,4,12,MY1,10,5mM,R,S,3.3254,3.0536,0.2718,1,1,1,15:19,15:20,YOLO_tubes,,
15/05/2026,5,13,MY4,11,5mM,L,S,3.4283,3.3547,0.0736,0,1,1,15:55,15:56,YOLO_tubes,,
15/05/2026,5,13,MY4,11,5mM,R,5mM,3.2514,3.2143,0.0371,0,1,1,15:55,15:56,YOLO_tubes,,
15/05/2026,5,13,MY4,12,Control,L,S,3.356,3.3073,0.0487,0,1,1,15:55,15:56,YOLO_tubes,,
15/05/2026,5,13,MY4,12,Control,R,S,3.3477,3.3004,0.0473,0,1,1,15:55,15:56,YOLO_tubes,,
15/05/2026,5,13,MY4,13,0.5mM,L,S,3.38,3.3258,0.0542,0,1,1,15:55,15:56,YOLO_tubes,,
15/05/2026,5,13,MY4,13,0.5mM,R,0.5mM,3.4425,3.3562,0.0863,0,1,1,15:55,15:56,YOLO_tubes,,
15/05/2026,5,13,MY4,14,0.1mM,L,S,3.3779,3.3384,0.0395,0,1,1,15:55,15:56,YOLO_tubes,,
15/05/2026,5,13,MY4,14,0.1mM,R,0.1mM,3.2917,3.2427,0.049,0,1,1,15:55,15:56,YOLO_tubes,,
15/05/2026,5,13,MY4,15,2.5mM,L,2.5mM,3.2598,3.1979,0.0619,1,1,1,15:55,15:56,YOLO_tubes,,
15/05/2026,5,13,MY4,15,2.5mM,R,S,3.3423,3.2844,0.0579,1,1,1,15:55,15:56,YOLO_tubes,,
15/05/2026,5,13,MY4,16,0.1mM,L,0.1mM,3.3738,3.2843,0.0895,0,1,1,15:55,15:56,YOLO_tubes,,
15/05/2026,5,13,MY4,16,0.1mM,R,S,3.3391,3.283,0.0561,0,1,1,15:55,15:56,YOLO_tubes,,
15/05/2026,5,13,MY4,17,2.5mM,L,S,3.3392,3.2653,0.0739,0,1,1,15:55,15:56,YOLO_tubes,,
15/05/2026,5,13,MY4,17,2.5mM,R,2.5mM,3.3979,3.2382,0.1597,0,1,1,15:55,15:56,YOLO_tubes,,
15/05/2026,5,13,MY4,18,Control,L,S,3.2833,3.2061,0.0772,1,1,1,15:55,15:56,YOLO_tubes,,
15/05/2026,5,13,MY4,18,Control,R,S,3.362,3.2897,0.0723,1,1,1,15:55,15:56,YOLO_tubes,,
15/05/2026,5,13,MY4,19,0.5mM,L,NA,NA,NA,NA,NA,0,1,15:55,15:56,YOLO_tubes,,
15/05/2026,5,13,MY4,19,0.5mM,R,NA,NA,NA,NA,NA,0,1,15:55,15:56,YOLO_tubes,,
15/05/2026,5,13,MY4,20,5mM,L,S,3.3711,3.2819,0.0892,1,1,1,15:55,15:56,YOLO_tubes,,
15/05/2026,5,13,MY4,20,5mM,R,5mM,3.1831,3.1044,0.0787,1,1,1,15:55,15:56,YOLO_tubes,,
18/05/2026,4,14,MY1,1,0.5mM,L,0.5mM,3.4322,3.3404,0.0918,1,1,1,11:20,11:26,YOLO_tubes,,
18/05/2026,4,14,MY1,1,0.5mM,R,S,3.4045,3.0995,0.305,1,1,1,11:20,11:26,YOLO_tubes,,
18/05/2026,4,14,MY1,2,2.5mM,L,2.5mM,3.3385,3.2014,0.1371,1,1,1,11:20,11:26,YOLO_tubes,,
18/05/2026,4,14,MY1,2,2.5mM,R,S,3.3901,3.138,0.2521,1,1,1,11:20,11:26,YOLO_tubes,,
18/05/2026,4,14,MY1,3,0.1mM,L,S,3.3547,3.2757,0.079,0,1,1,11:20,11:26,YOLO_tubes,,
18/05/2026,4,14,MY1,3,0.1mM,R,0.1mM,3.3565,3.2459,0.1106,0,1,1,11:20,11:26,YOLO_tubes,,
18/05/2026,4,14,MY1,4,Control,L,S,3.3521,3.2465,0.1056,1,1,1,11:20,11:26,YOLO_tubes,,
18/05/2026,4,14,MY1,4,Control,R,S,3.3876,3.1432,0.2444,1,1,1,11:20,11:26,YOLO_tubes,,
18/05/2026,4,14,MY1,5,5mM,L,5mM,3.2961,3.2179,0.0782,0,1,1,11:20,11:26,YOLO_tubes,,
18/05/2026,4,14,MY1,5,5mM,R,S,3.4254,3.3516,0.0738,0,1,1,11:20,11:26,YOLO_tubes,,
18/05/2026,4,14,MY1,6,5mM,L,5mM,3.44,3.2678,0.1722,1,1,1,11:20,11:26,YOLO_tubes,,
18/05/2026,4,14,MY1,6,5mM,R,S,3.3864,2.9252,0.4612,1,1,1,11:20,11:26,YOLO_tubes,,
18/05/2026,4,14,MY1,7,0.1mM,L,S,3.2844,3.0924,0.192,0,1,1,11:20,11:26,YOLO_tubes,,
18/05/2026,4,14,MY1,7,0.1mM,R,0.1mM,3.4264,3.2553,0.1711,0,1,1,11:20,11:26,YOLO_tubes,,
18/05/2026,4,14,MY1,8,0.5mM,L,S,3.3828,3.0313,0.3515,1,1,1,11:20,11:26,YOLO_tubes,,
18/05/2026,4,14,MY1,8,0.5mM,R,0.5mM,3.3845,3.2997,0.0848,1,1,1,11:20,11:26,YOLO_tubes,,
18/05/2026,4,14,MY1,9,2.5mM,L,2.5mM,3.3347,2.9695,0.3652,1,1,1,11:20,11:26,YOLO_tubes,,
18/05/2026,4,14,MY1,9,2.5mM,R,S,3.3064,3.1761,0.1303,1,1,1,11:20,11:26,YOLO_tubes,,
18/05/2026,4,14,MY1,10,Control,L,S,3.3654,3.1679,0.1975,1,1,1,11:20,11:26,YOLO_tubes,,
18/05/2026,4,14,MY1,10,Control,R,S,3.3648,3.049,0.3158,1,1,1,11:20,11:26,YOLO_tubes,,
18/05/2026,5,15,MY1,11,Control,L,S,3.3945,3.3545,0.04,0,1,1,11:50,11:57,YOLO_tubes,,
18/05/2026,5,15,MY1,11,Control,R,S,3.341,3.2765,0.0645,0,1,1,11:50,11:57,YOLO_tubes,,
18/05/2026,5,15,MY1,12,0.1mM,L,S,3.3636,3.3317,0.0319,0,1,1,11:50,11:57,YOLO_tubes,,
18/05/2026,5,15,MY1,12,0.1mM,R,0.1mM,3.3049,3.2636,0.0413,0,1,1,11:50,11:57,YOLO_tubes,,
18/05/2026,5,15,MY1,13,2.5mM,L,2.5mM,3.2664,3.23,0.0364,0,1,1,11:50,11:57,YOLO_tubes,,
18/05/2026,5,15,MY1,13,2.5mM,R,S,3.4084,3.3172,0.0912,0,1,1,11:50,11:57,YOLO_tubes,,
18/05/2026,5,15,MY1,14,5mM,L,5mM,3.2572,3.1966,0.0606,0,1,1,11:50,11:57,YOLO_tubes,,
18/05/2026,5,15,MY1,14,5mM,R,S,3.4442,3.3226,0.1216,0,1,1,11:50,11:57,YOLO_tubes,,
18/05/2026,5,15,MY1,15,0.5mM,L,0.5mM,3.205,3.1684,0.0366,0,1,1,11:50,11:57,YOLO_tubes,,
18/05/2026,5,15,MY1,15,0.5mM,R,S,3.3092,3.2779,0.0313,0,1,1,11:50,11:57,YOLO_tubes,,
18/05/2026,5,15,MY1,16,0.5mM,L,S,3.3627,3.2703,0.0924,0,1,1,11:50,11:57,YOLO_tubes,,
18/05/2026,5,15,MY1,16,0.5mM,R,0.5mM,3.2346,3.1979,0.0367,0,1,1,11:50,11:57,YOLO_tubes,,
18/05/2026,5,15,MY1,17,Control,L,S,3.4226,3.3365,0.0861,0,1,1,11:50,11:57,YOLO_tubes,,
18/05/2026,5,15,MY1,17,Control,R,S,3.4946,3.3497,0.1449,0,1,1,11:50,11:57,YOLO_tubes,,
18/05/2026,5,15,MY1,18,0.1mM,L,S,3.4564,3.3697,0.0867,0,1,1,11:50,11:57,YOLO_tubes,,
18/05/2026,5,15,MY1,18,0.1mM,R,0.1mM,3.2397,3.1785,0.0612,0,1,1,11:50,11:57,YOLO_tubes,,
18/05/2026,5,15,MY1,19,5mM,L,5mM,NA,NA,NA,NA,0,1,11:50,11:57,YOLO_tubes,,
18/05/2026,5,15,MY1,19,5mM,R,S,NA,NA,NA,NA,0,1,11:50,11:57,YOLO_tubes,,
18/05/2026,5,15,MY1,20,2.5mM,L,2.5mM,3.3253,3.2499,0.0754,0,1,1,11:50,11:57,YOLO_tubes,,
18/05/2026,5,15,MY1,20,2.5mM,R,S,3.2355,3.1864,0.0491,0,1,1,11:50,11:57,YOLO_tubes,,
19/05/2026,4,16,MY1,1,2.5mM,L,2.5mM,3.3394,3.2499,0.0895,1,1,1,12:10,12:30,YOLO_tubes,,
19/05/2026,4,16,MY1,1,2.5mM,R,S,3.3872,3.0854,0.3018,1,1,1,12:10,12:30,YOLO_tubes,,
19/05/2026,4,16,MY1,2,0.1mM,L,0.1mM,3.2679,3.0493,0.2186,1,1,1,12:10,12:30,YOLO_tubes,,
19/05/2026,4,16,MY1,2,0.1mM,R,S,3.3581,3.2115,0.1466,1,1,1,12:10,12:30,YOLO_tubes,,
19/05/2026,4,16,MY1,3,Control,L,S,3.4003,3.2476,0.1527,1,1,1,12:10,12:30,YOLO_tubes,,
19/05/2026,4,16,MY1,3,Control,R,S,3.4179,3.2645,0.1534,1,1,1,12:10,12:30,YOLO_tubes,,
19/05/2026,4,16,MY1,4,0.5mM,L,S,3.4545,3.1832,0.2713,1,1,1,12:10,12:30,YOLO_tubes,,
19/05/2026,4,16,MY1,4,0.5mM,R,0.5mM,3.3249,3.1883,0.1366,1,1,1,12:10,12:30,YOLO_tubes,,
19/05/2026,4,16,MY1,5,5mM,L,S,3.426,3.2814,0.1446,0,1,1,12:10,12:30,YOLO_tubes,,
19/05/2026,4,16,MY1,5,5mM,R,5mM,3.3769,3.3129,0.064,0,1,1,12:10,12:30,YOLO_tubes,,
19/05/2026,4,16,MY1,6,2.5mM,L,2.5mM,3.2451,3.1446,0.1005,1,1,1,12:10,12:30,YOLO_tubes,,
19/05/2026,4,16,MY1,6,2.5mM,R,S,3.4113,3.1329,0.2784,1,1,1,12:10,12:30,YOLO_tubes,,
19/05/2026,4,16,MY1,7,0.5mM,L,S,3.3578,3.1057,0.2521,1,1,1,12:10,12:30,YOLO_tubes,,
19/05/2026,4,16,MY1,7,0.5mM,R,0.5mM,3.3815,3.2217,0.1598,1,1,1,12:10,12:30,YOLO_tubes,,
19/05/2026,4,16,MY1,8,0.1mM,L,S,3.4127,3.3108,0.1019,0,1,1,12:10,12:30,YOLO_tubes,,
19/05/2026,4,16,MY1,8,0.1mM,R,0.1mM,3.3178,3.238,0.0798,0,1,1,12:10,12:30,YOLO_tubes,,
19/05/2026,4,16,MY1,9,Control,L,S,3.4425,3.3314,0.1111,1,1,1,12:10,12:30,YOLO_tubes,,
19/05/2026,4,16,MY1,9,Control,R,S,3.3598,3.2943,0.0655,1,1,1,12:10,12:30,YOLO_tubes,,
19/05/2026,4,16,MY1,10,5mM,L,5mM,3.3584,3.2431,0.1153,1,1,1,12:10,12:30,YOLO_tubes,,
19/05/2026,4,16,MY1,10,5mM,R,S,3.3335,2.981,0.3525,1,1,1,12:10,12:30,YOLO_tubes,,
19/05/2026,5,17,MY1,11,2.5mM,L,2.5mM,3.2911,3.2513,0.0398,1,1,1,12:50,13:05,YOLO_tubes,,
19/05/2026,5,17,MY1,11,2.5mM,R,S,3.2787,3.2255,0.0532,1,1,1,12:50,13:05,YOLO_tubes,,
19/05/2026,5,17,MY1,12,0.1mM,L,S,3.2856,3.2208,0.0648,1,1,1,12:50,13:05,YOLO_tubes,,
19/05/2026,5,17,MY1,12,0.1mM,R,0.1mM,3.4009,3.365,0.0359,1,1,1,12:50,13:05,YOLO_tubes,,
19/05/2026,5,17,MY1,13,0.5mM,L,S,3.3275,3.2911,0.0364,1,1,1,12:50,13:05,YOLO_tubes,,
19/05/2026,5,17,MY1,13,0.5mM,R,0.5mM,3.3407,3.2844,0.0563,1,1,1,12:50,13:05,YOLO_tubes,,
19/05/2026,5,17,MY1,14,Control,L,S,3.3465,3.3027,0.0438,1,1,1,12:50,13:05,YOLO_tubes,,
19/05/2026,5,17,MY1,14,Control,R,S,3.286,3.2369,0.0491,1,1,1,12:50,13:05,YOLO_tubes,,
19/05/2026,5,17,MY1,15,5mM,L,5mM,3.359,3.3083,0.0507,1,1,1,12:50,13:05,YOLO_tubes,,
19/05/2026,5,17,MY1,15,5mM,R,S,3.2686,3.1876,0.081,1,1,1,12:50,13:05,YOLO_tubes,,
19/05/2026,5,17,MY1,16,5mM,L,S,3.2328,3.1893,0.0435,1,1,1,12:50,13:05,YOLO_tubes,,
19/05/2026,5,17,MY1,16,5mM,R,5mM,3.2562,3.185,0.0712,1,1,1,12:50,13:05,YOLO_tubes,,
19/05/2026,5,17,MY1,17,0.5mM,L,S,3.3905,3.3491,0.0414,1,1,1,12:50,13:05,YOLO_tubes,,
19/05/2026,5,17,MY1,17,0.5mM,R,0.5mM,3.3975,3.3344,0.0631,1,1,1,12:50,13:05,YOLO_tubes,,
19/05/2026,5,17,MY1,18,0.1mM,L,0.1mM,3.3251,3.2795,0.0456,1,1,1,12:50,13:05,YOLO_tubes,,
19/05/2026,5,17,MY1,18,0.1mM,R,S,3.3622,3.2963,0.0659,1,1,1,12:50,13:05,YOLO_tubes,,
19/05/2026,5,17,MY1,19,2.5mM,L,2.5mM,NA,,NA,NA,0,1,12:50,13:05,YOLO_tubes,,
19/05/2026,5,17,MY1,19,2.5mM,R,S,NA,,NA,NA,0,1,12:50,13:05,YOLO_tubes,,
19/05/2026,5,17,MY1,20,Control,L,S,3.2183,3.1782,0.0401,1,1,1,12:50,13:05,YOLO_tubes,,
19/05/2026,5,17,MY1,20,Control,R,S,3.3656,3.2938,0.0718,1,1,1,12:50,13:05,YOLO_tubes,,
20/05/2026,4,18,MY1,1,0.5mM,L,0.5mM,3.3185,3.0931,0.2254,1,1,1,13:30,13:31,YOLO_tubes,,
20/05/2026,4,18,MY1,1,0.5mM,R,S,3.363,2.4587,0.9043,1,1,1,13:30,13:31,YOLO_tubes,,
20/05/2026,4,18,MY1,2,Control,L,S,3.2768,3.035,0.2418,1,1,1,13:30,13:31,YOLO_tubes,,
20/05/2026,4,18,MY1,2,Control,R,S,3.3311,3.1107,0.2204,1,1,1,13:30,13:31,YOLO_tubes,,
20/05/2026,4,18,MY1,3,5mM,L,5mM,3.4217,3.2789,0.1428,1,1,1,13:30,13:31,YOLO_tubes,,
20/05/2026,4,18,MY1,3,5mM,R,S,3.3047,3.1203,0.1844,1,1,1,13:30,13:31,YOLO_tubes,,
20/05/2026,4,18,MY1,4,2.5mM,L,S,3.339,3.2546,0.0844,1,1,1,13:30,13:31,YOLO_tubes,,
20/05/2026,4,18,MY1,4,2.5mM,R,2.5mM,3.2872,3.0341,0.2531,1,1,1,13:30,13:31,YOLO_tubes,,
20/05/2026,4,18,MY1,5,0.1mM,L,S,3.3651,3.0513,0.3138,1,1,1,13:30,13:31,YOLO_tubes,,
20/05/2026,4,18,MY1,5,0.1mM,R,0.1mM,3.3372,3.1323,0.2049,1,1,1,13:30,13:31,YOLO_tubes,,
20/05/2026,4,18,MY1,6,5mM,L,5mM,3.372,3.2057,0.1663,1,1,1,13:30,13:31,YOLO_tubes,,
20/05/2026,4,18,MY1,6,5mM,R,S,3.3957,3.124,0.2717,1,1,1,13:30,13:31,YOLO_tubes,,
20/05/2026,4,18,MY1,7,Control,L,S,3.3558,3.286,0.0698,1,1,1,13:30,13:31,YOLO_tubes,,
20/05/2026,4,18,MY1,7,Control,R,S,3.3925,3.2839,0.1086,0,1,1,13:30,13:31,YOLO_tubes,,
20/05/2026,4,18,MY1,8,0.1mM,L,S,3.3765,3.2811,0.0954,0,1,1,13:30,13:31,YOLO_tubes,,
20/05/2026,4,18,MY1,8,0.1mM,R,0.1mM,3.4479,3.3476,0.1003,1,1,1,13:30,13:31,YOLO_tubes,,
20/05/2026,4,18,MY1,9,0.5mM,L,0.5mM,3.3993,3.285,0.1143,1,1,1,13:30,13:31,YOLO_tubes,,
20/05/2026,4,18,MY1,9,0.5mM,R,S,3.3606,3.0662,0.2944,1,1,1,13:30,13:31,YOLO_tubes,,
20/05/2026,4,18,MY1,10,2.5mM,L,2.5mM,3.2512,3.0696,0.1816,1,1,1,13:30,13:31,YOLO_tubes,,
20/05/2026,4,18,MY1,10,2.5mM,R,S,3.2509,3.0216,0.2293,1,1,1,13:30,13:31,YOLO_tubes,,
20/05/2026,5,19,MY1,11,2.5mM,L,2.5mM,3.3084,3.2508,0.0576,0,1,1,13:50,14:00,YOLO_tubes,,
20/05/2026,5,19,MY4,11,2.5mM,R,S,3.2476,3.1756,0.072,0,1,1,13:50,14:00,YOLO_tubes,,
20/05/2026,5,19,MY4,12,0.1mM,L,S,3.2776,3.2382,0.0394,1,1,0,13:50,14:00,YOLO_tubes,,
20/05/2026,5,19,MY4,12,0.1mM,R,0.1mM,3.2952,3.251,0.0442,1,1,0,13:50,14:00,YOLO_tubes,,
20/05/2026,5,19,MY4,13,Control,L,S,3.277,3.2222,0.0548,1,1,1,13:50,14:00,YOLO_tubes,,
20/05/2026,5,19,MY4,13,Control,R,S,3.3167,3.2394,0.0773,1,1,1,13:50,14:00,YOLO_tubes,,
20/05/2026,5,19,MY4,14,5mM,L,5mM,3.3756,3.3374,0.0382,1,1,0,13:50,14:00,YOLO_tubes,,
20/05/2026,5,19,MY4,14,5mM,R,S,3.2595,3.2341,0.0254,1,1,0,13:50,14:00,YOLO_tubes,,
20/05/2026,5,19,MY4,15,0.5mM,L,S,3.2852,3.2479,0.0373,0,1,1,13:50,14:00,YOLO_tubes,,
20/05/2026,5,19,MY4,15,0.5mM,R,0.5mM,3.2583,3.2313,0.027,0,1,1,13:50,14:00,YOLO_tubes,,
20/05/2026,5,19,MY4,16,Control,L,S,3.3558,3.2981,0.0577,0,1,1,13:50,14:00,YOLO_tubes,,
20/05/2026,5,19,MY4,16,Control,R,S,3.3044,NA,NA,0,1,1,13:50,14:00,YOLO_tubes,contents had spilled,1
20/05/2026,5,19,MY4,17,0.1mM,L,0.1mM,3.2663,3.2304,0.0359,0,1,1,13:50,14:00,YOLO_tubes,,
20/05/2026,5,19,MY4,17,0.1mM,R,S,3.4531,3.3399,0.1132,0,1,1,13:50,14:00,YOLO_tubes,,
20/05/2026,5,19,MY4,18,0.5mM,L,0.5mM,3.324,3.2596,0.0644,0,1,1,13:50,14:00,YOLO_tubes,,
20/05/2026,5,19,MY4,18,0.5mM,R,S,3.3488,3.2955,0.0533,0,1,1,13:50,14:00,YOLO_tubes,,
20/05/2026,5,19,MY4,19,5mM,L,5mM,NA,NA,NA,NA,0,1,13:50,14:00,YOLO_tubes,,
20/05/2026,5,19,MY4,19,5mM,R,S,NA,NA,NA,NA,0,1,13:50,14:00,YOLO_tubes,,
20/05/2026,5,19,MY4,20,2.5mM,L,S,3.2378,3.1766,0.0612,1,1,1,13:50,14:00,YOLO_tubes,,
20/05/2026,5,19,MY4,20,2.5mM,R,2.5mM,3.4146,3.3268,0.0878,1,1,1,13:50,14:00,YOLO_tubes,,
21/05/2026,4,20,MY4,1,5mM,L,5mM,3.2611,3.2076,0.0535,1,1,1,14:10,14:22,YOLO_tubes,,
21/05/2026,4,20,MY4,1,5mM,R,S,3.3094,3.2325,0.0769,1,1,1,14:10,14:22,YOLO_tubes,,
21/05/2026,4,20,MY4,2,2.5mM,L,S,3.3721,3.3022,0.0699,1,1,1,14:10,14:22,YOLO_tubes,,
21/05/2026,4,20,MY4,2,2.5mM,R,2.5mM,3.3503,3.2748,0.0755,1,1,1,14:10,14:22,YOLO_tubes,,
21/05/2026,4,20,MY4,3,0.1mM,L,0.1mM,3.3308,3.2512,0.0796,1,1,1,14:10,14:22,YOLO_tubes,,
21/05/2026,4,20,MY4,3,0.1mM,R,S,3.309,3.2376,0.0714,1,1,1,14:10,14:22,YOLO_tubes,,
21/05/2026,4,20,MY4,4,Control,L,S,3.4742,3.3475,0.1267,1,1,1,14:10,14:22,YOLO_tubes,,
21/05/2026,4,20,MY4,4,Control,R,S,3.3942,3.2114,0.1828,1,1,1,14:10,14:22,YOLO_tubes,,
21/05/2026,4,20,MY4,5,0.5mM,L,S,3.2826,3.1884,0.0942,1,1,1,14:10,14:22,YOLO_tubes,,
21/05/2026,4,20,MY4,5,0.5mM,R,0.5mM,3.3561,3.2932,0.0629,1,1,1,14:10,14:22,YOLO_tubes,,
21/05/2026,4,20,MY4,6,Control,L,S,3.3901,3.2736,0.1165,1,1,0,14:10,14:22,YOLO_tubes,,
21/05/2026,4,20,MY4,6,Control,R,S,3.4269,3.3668,0.0601,1,1,0,14:10,14:22,YOLO_tubes,,
21/05/2026,4,20,MY4,7,5mM,L,S,3.3816,3.3396,0.042,1,1,0,14:10,14:22,YOLO_tubes,,
21/05/2026,4,20,MY4,7,5mM,R,5mM,3.4472,3.3378,0.1094,1,1,0,14:10,14:22,YOLO_tubes,,
21/05/2026,4,20,MY4,8,2.5mM,L,2.5mM,3.425,NA,NA,1,1,1,14:10,14:22,YOLO_tubes,contents leaked,1
21/05/2026,4,20,MY4,8,2.5mM,R,S,3.3855,3.3124,0.0731,1,1,1,14:10,14:22,YOLO_tubes,,
21/05/2026,4,20,MY4,9,0.1mM,L,0.1mM,3.3209,3.232,0.0889,1,1,1,14:10,14:22,YOLO_tubes,,
21/05/2026,4,20,MY4,9,0.1mM,R,S,3.3807,3.2694,0.1113,1,1,1,14:10,14:22,YOLO_tubes,,
21/05/2026,4,20,MY4,10,0.5mM,L,S,3.3216,3.1872,0.1344,1,1,1,14:10,14:22,YOLO_tubes,,
21/05/2026,4,20,MY4,10,0.5mM,R,0.5mM,3.1864,3.1079,0.0785,1,1,1,14:10,14:22,YOLO_tubes,,
21/05/2026,5,21,MY4,11,0.1mM,L,S,3.4196,3.2604,0.1592,1,1,1,14:30,14:38,YOLO_tubes,,
21/05/2026,5,21,MY3,11,0.1mM,R,0.1mM,3.326,3.1715,0.1545,1,1,1,14:30,14:38,YOLO_tubes,,
21/05/2026,5,21,MY3,12,Control,L,S,3.2968,3.2613,0.0355,0,1,1,14:30,14:38,YOLO_tubes,,
21/05/2026,5,21,MY3,12,Control,R,S,3.3412,3.2546,0.0866,0,1,1,14:30,14:38,YOLO_tubes,,
21/05/2026,5,21,MY3,13,0.5mM,L,S,3.3539,3.1799,0.174,1,1,1,14:30,14:38,YOLO_tubes,,
21/05/2026,5,21,MY3,13,0.5mM,R,0.5mM,3.3338,3.2343,0.0995,1,1,1,14:30,14:38,YOLO_tubes,,
21/05/2026,5,21,MY3,14,5mM,L,5mM,3.3286,3.3107,0.0179,0,1,1,14:30,14:38,YOLO_tubes,,
21/05/2026,5,21,MY3,14,5mM,R,S,3.3546,3.313,0.0416,0,1,1,14:30,14:38,YOLO_tubes,,
21/05/2026,5,21,MY3,15,2.5mM,L,2.5mM,3.2454,3.217,0.0284,0,1,1,14:30,14:38,YOLO_tubes,,
21/05/2026,5,21,MY3,15,2.5mM,R,S,3.2843,3.2219,0.0624,0,1,1,14:30,14:38,YOLO_tubes,,
21/05/2026,5,21,MY3,16,2.5mM,L,S,3.2578,3.2138,0.044,0,1,1,14:30,14:38,YOLO_tubes,,
21/05/2026,5,21,MY3,16,2.5mM,R,2.5mM,3.2428,3.1992,0.0436,0,1,1,14:30,14:38,YOLO_tubes,,
21/05/2026,5,21,MY3,17,0.1mM,L,S,3.2352,2.9992,0.236,1,1,1,14:30,14:38,YOLO_tubes,,
21/05/2026,5,21,MY3,17,0.1mM,R,0.1mM,3.344,3.251,0.093,1,1,1,14:30,14:38,YOLO_tubes,,
21/05/2026,5,21,MY3,18,0.5mM,L,0.5mM,3.3439,3.3044,0.0395,1,1,1,14:30,14:38,YOLO_tubes,,
21/05/2026,5,21,MY3,18,0.5mM,R,S,3.3167,3.105,0.2117,1,1,1,14:30,14:38,YOLO_tubes,,
21/05/2026,5,21,MY3,19,Control,L,S,NA,NA,NA,NA,0,1,14:30,14:38,YOLO_tubes,,
21/05/2026,5,21,MY3,19,Control,R,S,NA,NA,NA,NA,0,1,14:30,14:38,YOLO_tubes,,
21/05/2026,5,21,MY3,20,5mM,L,5mM,3.3269,3.2639,0.063,0,1,1,14:30,14:38,YOLO_tubes,,
21/05/2026,5,21,MY3,20,5mM,R,S,3.3636,3.3152,0.0484,0,1,1,14:30,14:38,YOLO_tubes,,
27/05/2026,4,22,MY1,1,0.1mM,L,0.1mM,3.3746,3.3121,0.0625,1,1,0,12:08,12:15,YOLO_tubes,,
27/05/2026,4,22,MY1,1,0.1mM,R,S,3.3447,3.2489,0.0958,1,1,0,12:08,12:15,YOLO_tubes,,
27/05/2026,4,22,MY1,2,0.5mM,L,0.5mM,3.3843,3.3238,0.0605,0,1,1,12:08,12:15,YOLO_tubes,,
27/05/2026,4,22,MY1,2,0.5mM,R,S,3.3607,3.308,0.0527,0,1,1,12:08,12:15,YOLO_tubes,,
27/05/2026,4,22,MY1,3,2.5mM,L,S,3.3359,3.073,0.2629,1,1,0,12:08,12:15,YOLO_tubes,,
27/05/2026,4,22,MY1,3,2.5mM,R,2.5mM,3.1147,3.041,0.0737,1,1,0,12:08,12:15,YOLO_tubes,,
27/05/2026,4,22,MY1,4,5mM,L,5mM,3.322,3.2654,0.0566,1,1,1,12:08,12:15,YOLO_tubes,,
27/05/2026,4,22,MY1,4,5mM,R,S,3.3407,2.9547,0.386,1,1,1,12:08,12:15,YOLO_tubes,,
27/05/2026,4,22,MY1,5,Control,L,S,3.3582,3.2624,0.0958,1,1,0,12:08,12:15,YOLO_tubes,,
27/05/2026,4,22,MY1,5,Control,R,S,3.3617,3.2836,0.0781,1,1,0,12:08,12:15,YOLO_tubes,,
27/05/2026,4,22,MY1,6,5mM,L,S,3.3464,3.2939,0.0525,1,1,0,12:08,12:15,YOLO_tubes,,
27/05/2026,4,22,MY1,6,5mM,R,5mM,3.2252,3.1322,0.093,1,1,0,12:08,12:15,YOLO_tubes,,
27/05/2026,4,22,MY1,7,2.5mM,L,2.5mM,3.2635,3.1843,0.0792,0,1,1,12:08,12:15,YOLO_tubes,,
27/05/2026,4,22,MY1,7,2.5mM,R,S,3.2909,3.2281,0.0628,0,1,1,12:08,12:15,YOLO_tubes,,
27/05/2026,4,22,MY1,8,0.5mM,L,S,3.3396,3.2138,0.1258,0,1,1,12:08,12:15,YOLO_tubes,,
27/05/2026,4,22,MY1,8,0.5mM,R,0.5mM,3.3312,3.237,0.0942,0,1,1,12:08,12:15,YOLO_tubes,,
27/05/2026,4,22,MY1,9,0.1mM,L,S,3.3289,3.2126,0.1163,0,1,1,12:08,12:15,YOLO_tubes,,
27/05/2026,4,22,MY1,9,0.1mM,R,0.1mM,3.3336,3.2599,0.0737,0,1,1,12:08,12:15,YOLO_tubes,,
27/05/2026,4,22,MY1,10,Control,L,S,3.3917,3.1085,0.2832,1,1,1,12:08,12:15,YOLO_tubes,,
27/05/2026,4,22,MY1,10,Control,R,S,3.3723,2.8598,0.5125,1,1,1,12:08,12:15,YOLO_tubes,,
27/05/2026,5,23,MY4,11,0.1mM,L,0.1mM,3.3599,3.2373,0.1226,1,1,1,12:31,12:35,YOLO_tubes,,
27/05/2026,5,23,MY4,11,0.1mM,R,S,3.2679,3.1971,0.0708,1,1,1,12:31,12:35,YOLO_tubes,,
27/05/2026,5,23,MY4,12,5mM,L,5mM,3.1814,3.2172,0.0358,1,1,0,12:31,12:35,YOLO_tubes,,
27/05/2026,5,23,MY4,12,5mM,R,S,3.2679,3.1338,0.1341,1,1,0,12:31,12:35,YOLO_tubes,,
27/05/2026,5,23,MY4,13,Control,L,S,3.3508,3.2749,0.0759,1,1,1,13:30,12:35,YOLO_tubes,,
27/05/2026,5,23,MY4,13,Control,R,S,3.254,3.2068,0.0472,1,1,1,13:30,12:35,YOLO_tubes,,
27/05/2026,5,23,MY4,14,0.5mM,L,0.5mM,3.2599,3.2202,0.0397,1,1,1,12:31,12:35,YOLO_tubes,,
27/05/2026,5,23,MY4,14,0.5mM,R,S,3.298,3.2055,0.0925,1,1,1,12:31,12:35,YOLO_tubes,,
27/05/2026,5,23,MY4,15,2.5mM,L,S,3.2399,3.1667,0.0732,1,1,1,12:31,12:35,YOLO_tubes,,
27/05/2026,5,23,MY4,15,2.5mM,R,2.5mM,3.2302,3.197,0.0332,1,1,1,12:31,12:35,YOLO_tubes,,
27/05/2026,5,23,MY4,16,0.1mM,L,S,3.2534,3.1571,0.0963,1,1,1,12:31,12:35,YOLO_tubes,,
27/05/2026,5,23,MY4,16,0.1mM,R,0.1mM,3.3158,3.2444,0.0714,1,1,1,12:31,12:35,YOLO_tubes,,
27/05/2026,5,23,MY4,17,5mM,L,S,3.2374,3.1868,0.0506,1,1,0,12:31,12:35,YOLO_tubes,,
27/05/2026,5,23,MY4,17,5mM,R,5mM,3.2789,3.2007,0.0782,1,1,0,12:31,12:35,YOLO_tubes,,
27/05/2026,5,23,MY4,18,0.5mM,L,S,3.251,3.1894,0.0616,0,1,1,12:31,12:35,YOLO_tubes,,
27/05/2026,5,23,MY4,18,0.5mM,R,0.5mM,3.3554,3.3054,0.05,0,1,1,12:31,12:35,YOLO_tubes,,
27/05/2026,5,23,MY4,19,Control,L,S,NA,NA,NA,NA,NA,NA,12:31,12:35,YOLO_tubes,,
27/05/2026,5,23,MY4,19,Control,R,S,NA,NA,NA,NA,NA,NA,12:31,12:35,YOLO_tubes,,
27/05/2026,5,23,MY4,20,2.5mM,L,2.5mM,3.2285,3.19,0.0385,1,1,1,12:31,12:35,YOLO_tubes,,
27/05/2026,5,23,MY4,20,2.5mM,R,S,3.2413,3.2059,0.0354,1,1,1,12:31,12:35,YOLO_tubes,,
28/05/2026,4,24,MY4,1,2.5mM,L,2.5mM,3.3382,3.263,0.0752,1,1,1,15:22,15:25,YOLO_tubes,appeared malaised,
28/05/2026,4,24,MY4,1,2.5mM,R,S,3.2714,3.1995,0.0719,1,1,1,15:22,15:25,YOLO_tubes,appeared malaised,
28/05/2026,4,24,MY4,2,Control,L,S,3.3289,3.2657,0.0632,1,1,1,15:22,15:25,YOLO_tubes,appeared malaised,
28/05/2026,4,24,MY4,2,Control,R,S,3.392,3.3121,0.0799,1,1,1,15:22,15:25,YOLO_tubes,appeared malaised,
28/05/2026,4,24,MY4,3,0.1mM,L,S,3.2888,3.1869,0.1019,1,1,1,15:22,15:25,YOLO_tubes,,
28/05/2026,4,24,MY4,3,0.1mM,R,0.1mM,3.2582,3.176,0.0822,1,1,1,15:22,15:25,YOLO_tubes,,
28/05/2026,4,24,MY4,4,5mM,L,S,3.2715,3.2093,0.0622,1,1,0,15:22,15:25,YOLO_tubes,,
28/05/2026,4,24,MY4,4,5mM,R,5mM,3.3566,3.2871,0.0695,1,1,0,15:22,15:25,YOLO_tubes,,
28/05/2026,4,24,MY4,5,0.5mM,L,0.5mM,3.3947,3.3045,0.0902,0,1,0,15:22,15:25,YOLO_tubes,,
28/05/2026,4,24,MY4,5,0.5mM,R,S,3.3241,3.2367,0.0874,0,1,0,15:22,15:25,YOLO_tubes,,
28/05/2026,4,24,MY4,6,0.5mM,L,S,3.3189,3.2612,0.0577,1,1,1,15:22,15:25,YOLO_tubes,appeared malaised,
28/05/2026,4,24,MY4,6,0.5mM,R,0.5mM,3.3753,3.3013,0.074,1,1,1,15:22,15:25,YOLO_tubes,appeared malaised,
28/05/2026,4,24,MY4,7,Control,L,S,3.3908,3.3263,0.0645,1,1,0,15:22,15:25,YOLO_tubes,,
28/05/2026,4,24,MY4,7,Control,R,S,3.2713,3.211,0.0603,1,1,0,15:22,15:25,YOLO_tubes,,
28/05/2026,4,24,MY4,8,5mM,L,S,3.267,3.2161,0.0509,1,1,0,15:22,15:25,YOLO_tubes,,
28/05/2026,4,24,MY4,8,5mM,R,5mM,3.4421,3.3217,0.1204,1,1,0,15:22,15:25,YOLO_tubes,,
28/05/2026,4,24,MY4,9,2.5mM,L,2.5mM,3.4086,3.3075,0.1011,0,1,1,15:22,15:25,YOLO_tubes,appeared malaised,
28/05/2026,4,24,MY4,9,2.5mM,R,S,3.3066,3.2228,0.0838,0,1,1,15:22,15:25,YOLO_tubes,appeared malaised,
28/05/2026,4,24,MY4,10,0.1mM,L,0.1mM,3.3513,3.292,0.0593,0,1,1,15:22,15:25,YOLO_tubes,,
28/05/2026,4,24,MY4,10,0.1mM,R,S,3.2821,3.2346,0.0475,0,1,1,15:22,15:25,YOLO_tubes,,
28/05/2026,5,25,MY2,11,Control,L,S,3.3328,3.014,0.3188,1,1,1,15:37,15:38,YOLO_tubes,,
28/05/2026,5,25,MY2,11,Control,R,S,3.1984,3.1458,0.0526,1,1,1,15:37,15:38,YOLO_tubes,,
28/05/2026,5,25,MY2,12,0.1mM,L,0.1mM,3.2342,3.1597,0.0745,0,1,1,15:37,15:38,YOLO_tubes,,
28/05/2026,5,25,MY2,12,0.1mM,R,S,3.3419,3.2988,0.0431,0,1,1,15:37,15:38,YOLO_tubes,,
28/05/2026,5,25,MY2,13,2.5mM,L,S,3.2197,3.1467,0.073,1,1,0,15:37,15:38,YOLO_tubes,,
28/05/2026,5,25,MY2,13,2.5mM,R,2.5mM,3.3675,3.3228,0.0447,1,1,0,15:37,15:38,YOLO_tubes,,
28/05/2026,5,25,MY2,14,5mM,L,5mM,3.3131,3.2322,0.0809,1,1,1,15:37,15:38,YOLO_tubes,,
28/05/2026,5,25,MY2,14,5mM,R,S,3.369,3.0977,0.2713,1,1,1,15:37,15:38,YOLO_tubes,,
28/05/2026,5,25,MY2,15,0.5mM,L,0.5mM,3.2704,3.1975,0.0729,1,1,0,15:37,15:38,YOLO_tubes,,
28/05/2026,5,25,MY2,15,0.5mM,R,S,3.2378,3.1926,0.0452,1,1,0,15:37,15:38,YOLO_tubes,,
28/05/2026,5,25,MY2,16,2.5mM,L,S,3.289,3.2506,0.0384,0,1,1,15:37,15:38,YOLO_tubes,,
28/05/2026,5,25,MY2,16,2.5mM,R,2.5mM,3.3371,3.2774,0.0597,0,1,1,15:37,15:38,YOLO_tubes,,
28/05/2026,5,25,MY2,17,0.5mM,L,S,3.2346,3.2004,0.0342,1,1,1,15:37,15:38,YOLO_tubes,,
28/05/2026,5,25,MY2,17,0.5mM,R,0.5mM,3.3701,3.1448,0.2253,1,1,1,15:37,15:38,YOLO_tubes,,
28/05/2026,5,25,MY2,18,5mM,L,S,3.344,3.0642,0.2798,1,1,1,15:37,15:38,YOLO_tubes,,
28/05/2026,5,25,MY2,18,5mM,R,5mM,3.4047,3.2977,0.107,1,1,1,15:37,15:38,YOLO_tubes,,
28/05/2026,5,25,MY2,19,Control,L,S,NA,NA,NA,NA,NA,NA,15:37,15:38,YOLO_tubes,,
28/05/2026,5,25,MY2,19,Control,R,S,NA,NA,NA,NA,NA,NA,15:37,15:38,YOLO_tubes,,
28/05/2026,5,25,MY2,20,0.1mM,L,0.1mM,3.2548,2.9464,0.3084,1,1,1,15:37,15:38,YOLO_tubes,,
28/05/2026,5,25,MY2,20,0.1mM,R,S,3.2438,2.5586,0.6852,1,1,1,15:37,15:38,YOLO_tubes,,
02/06/2026,4,26,MY5,1,Control,L,S,3.2616,2.8256,0.436,1,1,1,12:01,12:07,YOLO_tubes,,
02/06/2026,4,26,MY5,1,Control,R,S,3.206,3.0095,0.1965,1,1,1,12:01,12:07,YOLO_tubes,,
02/06/2026,4,26,MY5,2,5mM,L,S,3.2803,2.9117,0.3686,1,0,1,12:01,12:07,YOLO_tubes,apparently was not turned on - only realised the next day,1
02/06/2026,4,26,MY5,2,5mM,R,5mM,3.2363,3.1802,0.0561,1,0,1,12:01,12:07,YOLO_tubes,apparently was not turned on - only realised the next day,1
02/06/2026,4,26,MY5,3,0.1mM,L,0.1mM,3.3873,3.1395,0.2478,1,1,1,12:01,12:07,YOLO_tubes,,
02/06/2026,4,26,MY5,3,0.1mM,R,S,3.347,3.0216,0.3254,1,1,1,12:01,12:07,YOLO_tubes,,
02/06/2026,4,26,MY5,4,2.5mM,L,2.5mM,3.2596,3.1657,0.0939,1,1,1,12:01,12:07,YOLO_tubes,,
02/06/2026,4,26,MY5,4,2.5mM,R,S,3.3741,2.9928,0.3813,1,1,1,12:01,12:07,YOLO_tubes,,
02/06/2026,4,26,MY5,5,0.5mM,L,0.5mM,3.2864,3.1578,0.1286,1,1,0,12:01,12:07,YOLO_tubes,,
02/06/2026,4,26,MY5,5,0.5mM,R,S,3.2406,3.0848,0.1558,1,1,0,12:01,12:07,YOLO_tubes,,
02/06/2026,4,26,MY5,6,0.1mM,L,S,3.337,3.0697,0.2673,1,1,1,12:01,12:07,YOLO_tubes,,
02/06/2026,4,26,MY5,6,0.1mM,R,0.1mM,3.3475,3.1621,0.1854,1,1,1,12:01,12:07,YOLO_tubes,,
02/06/2026,4,26,MY5,7,2.5mM,L,S,3.3527,2.8587,0.494,1,1,1,12:01,12:07,YOLO_tubes,,
02/06/2026,4,26,MY5,7,2.5mM,R,2.5mM,3.2647,3.1991,0.0656,1,1,1,12:01,12:07,YOLO_tubes,,
02/06/2026,4,26,MY5,8,Control,L,S,3.2335,2.8021,0.4314,1,1,1,12:01,12:07,YOLO_tubes,,
02/06/2026,4,26,MY5,8,Control,R,S,3.1841,3.0441,0.14,1,1,1,12:01,12:07,YOLO_tubes,,
02/06/2026,4,26,MY5,9,0.5mM,L,S,3.3177,2.992,0.3257,1,1,1,12:01,12:07,YOLO_tubes,,
02/06/2026,4,26,MY5,9,0.5mM,R,0.5mM,3.2763,3.1871,0.0892,1,1,1,12:01,12:07,YOLO_tubes,,
02/06/2026,4,26,MY5,10,5mM,L,5mM,3.1941,3.1173,0.0768,1,1,1,12:01,12:07,YOLO_tubes,,
02/06/2026,4,26,MY5,10,5mM,R,S,3.3683,2.966,0.4023,1,1,1,12:01,12:07,YOLO_tubes,,
02/06/2026,5,27,MY6,11,2.5mM,L,2.5mM,3.2537,3.1915,0.0622,0,1,1,12:39,12:42,YOLO_tubes,,
02/06/2026,5,27,MY6,11,2.5mM,R,S,3.2753,3.2437,0.0316,0,1,1,12:39,12:42,YOLO_tubes,,
02/06/2026,5,27,MY6,12,5mM,L,5mM,3.1827,3.1272,0.0555,0,1,1,12:39,12:42,YOLO_tubes,,
02/06/2026,5,27,MY6,12,5mM,R,S,3.3784,3.307,0.0714,0,1,1,12:39,12:42,YOLO_tubes,,
02/06/2026,5,27,MY6,13,Control,L,S,3.2153,2.7477,0.4676,1,1,1,12:39,12:42,YOLO_tubes,,
02/06/2026,5,27,MY6,13,Control,R,S,3.1686,3.0559,0.1127,1,1,1,12:39,12:42,YOLO_tubes,,
02/06/2026,5,27,MY6,14,0.1mM,L,S,3.2735,3.2427,0.0308,1,1,1,12:39,12:42,YOLO_tubes,,
02/06/2026,5,27,MY6,14,0.1mM,R,0.1mM,3.2632,2.8648,0.3984,1,1,1,12:39,12:42,YOLO_tubes,,
02/06/2026,5,27,MY6,15,0.5mM,L,S,3.3359,2.8911,0.4448,0,1,1,12:39,12:42,YOLO_tubes,,
02/06/2026,5,27,MY6,15,0.5mM,R,0.5mM,3.3273,3.1939,0.1334,0,1,1,12:39,12:42,YOLO_tubes,,
02/06/2026,5,27,MY6,16,2.5mM,L,2.5mM,3.2606,3.2138,0.0468,0,1,1,12:39,12:42,YOLO_tubes,,
02/06/2026,5,27,MY6,16,2.5mM,R,S,3.3363,3.2816,0.0547,0,1,1,12:39,12:42,YOLO_tubes,,
02/06/2026,5,27,MY6,17,0.5mM,L,S,3.352,3.3054,0.0466,0,1,1,12:39,12:42,YOLO_tubes,,
02/06/2026,5,27,MY6,17,0.5mM,R,0.5mM,3.2782,3.1965,0.0817,0,1,1,12:39,12:42,YOLO_tubes,,
02/06/2026,5,27,MY6,18,5mM,L,S,3.3178,3.277,0.0408,1,1,1,12:39,12:42,YOLO_tubes,,
02/06/2026,5,27,MY6,18,5mM,R,5mM,3.2407,3.1929,0.0478,1,1,1,12:39,12:42,YOLO_tubes,,
02/06/2026,5,27,MY6,19,Control,L,S,NA,NA,NA,NA,NA,NA,12:39,12:42,YOLO_tubes,,
02/06/2026,5,27,MY6,19,Control,R,S,NA,NA,NA,NA,NA,NA,12:39,12:42,YOLO_tubes,,
02/06/2026,5,27,MY6,20,0.1mM,L,S,3.3435,2.6753,0.6682,1,1,1,12:39,12:42,YOLO_tubes,,
02/06/2026,5,27,MY6,20,0.1mM,R,0.1mM,3.2156,3.0742,0.1414,1,1,1,12:39,12:42,YOLO_tubes,,
03/06/2026,4,28,MY7,1,Control,L,S,3.3646,3.263,3.3646,1,1,0,13:26,13:32,YOLO_tubes,
03/06/2026,4,28,MY7,1,Control,R,S,3.3121,3.2504,0.0617,1,1,0,13:26,13:32,YOLO_tubes,,
03/06/2026,4,28,MY7,2,0.1mM,L,S,3.3408,2.9273,0.4135,1,1,1,13:26,13:32,YOLO_tubes,,
03/06/2026,4,28,MY7,2,0.1mM,R,0.1mM,3.3564,3.1362,0.2202,1,1,1,13:26,13:32,YOLO_tubes,,
03/06/2026,4,28,MY7,3,0.5mM,L,0.5mM,3.2177,2.983,0.2347,1,1,1,13:26,13:32,YOLO_tubes,,
03/06/2026,4,28,MY7,3,0.5mM,R,S,3.3905,3.2601,0.1304,1,1,1,13:26,13:32,YOLO_tubes,,
03/06/2026,4,28,MY7,4,5mM,L,5mM,3.2621,3.1898,0.0723,1,1,1,13:26,13:32,YOLO_tubes,,
03/06/2026,4,28,MY7,4,5mM,R,S,3.3651,3.2947,0.0704,1,1,1,13:26,13:32,YOLO_tubes,,
03/06/2026,4,28,MY7,5,2.5mM,L,2.5mM,3.3437,3.2932,0.0505,1,1,1,13:26,13:32,YOLO_tubes,,
03/06/2026,4,28,MY7,5,2.5mM,R,S,3.3732,3.096,0.2772,1,1,1,13:26,13:32,YOLO_tubes,,
03/06/2026,4,28,MY7,6,Control,L,S,3.3457,3.0924,0.2533,1,1,1,13:26,13:32,YOLO_tubes,,
03/06/2026,4,28,MY7,6,Control,R,S,3.3417,3.1201,0.2216,1,1,1,13:26,13:32,YOLO_tubes,,
03/06/2026,4,28,MY7,7,2.5mM,L,S,3.3513,3.0077,0.3436,1,1,1,13:26,13:32,YOLO_tubes,,
03/06/2026,4,28,MY7,7,2.5mM,R,2.5mM,3.3507,3.2561,0.0946,1,1,1,13:26,13:32,YOLO_tubes,,
03/06/2026,4,28,MY7,8,0.5mM,L,0.5mM,3.2935,3.0237,0.2698,1,1,1,13:26,13:32,YOLO_tubes,,
03/06/2026,4,28,MY7,8,0.5mM,R,S,3.3,3.2127,0.0873,1,1,1,13:26,13:32,YOLO_tubes,,
03/06/2026,4,28,MY7,9,5mM,L,S,3.3911,3.3268,0.0643,1,1,0,13:26,13:32,YOLO_tubes,,
03/06/2026,4,28,MY7,9,5mM,R,5mM,3.31,3.189,0.121,1,1,0,13:26,13:32,YOLO_tubes,,
03/06/2026,4,28,MY7,10,0.1mM,L,0.1mM,3.3465,3.1789,0.1676,1,1,1,13:26,13:32,YOLO_tubes,,
03/06/2026,4,28,MY7,10,0.1mM,R,S,3.367,3.2402,0.1268,1,1,1,13:26,13:32,YOLO_tubes,,
03/06/2026,5,29,MY7,11,0.5mM,L,S,3.2961,3.2162,0.0799,1,1,1,13:52,13:52,YOLO_tubes,,
03/06/2026,5,29,MY7,11,0.5mM,R,0.5mM,3.205,3.0579,0.1471,1,1,1,13:52,13:52,YOLO_tubes,,
03/06/2026,5,29,MY7,12,2.5mM,L,2.5mM,3.2311,3.1376,0.0935,1,1,1,13:52,13:52,YOLO_tubes,,
03/06/2026,5,29,MY7,12,2.5mM,R,S,3.3674,3.106,0.2614,1,1,1,13:52,13:52,YOLO_tubes,,
03/06/2026,5,29,MY7,13,0.1mM,L,S,3.3826,3.0756,0.307,1,1,1,13:52,13:52,YOLO_tubes,,
03/06/2026,5,29,MY7,13,0.1mM,R,0.1mM,3.2512,3.0626,0.1886,1,1,1,13:52,13:52,YOLO_tubes,,
03/06/2026,5,29,MY7,14,Control,L,S,3.3078,3.1318,0.176,1,1,1,13:52,13:52,YOLO_tubes,,
03/06/2026,5,29,MY7,14,Control,R,S,3.3357,3.107,0.2287,1,1,1,13:52,13:52,YOLO_tubes,,
03/06/2026,5,29,MY7,15,5mM,L,S,3.3075,2.978,0.3295,1,1,1,13:52,13:52,YOLO_tubes,,
03/06/2026,5,29,MY7,15,5mM,R,5mM,3.3166,3.2041,0.1125,1,1,1,13:52,13:52,YOLO_tubes,,
03/06/2026,5,29,MY7,16,2.5mM,L,2.5mM,3.2496,3.1553,0.0943,1,1,1,13:52,13:52,YOLO_tubes,,
03/06/2026,5,29,MY7,16,2.5mM,R,S,3.3279,3.1839,0.144,1,1,1,13:52,13:52,YOLO_tubes,,
03/06/2026,5,29,MY7,17,0.1mM,L,S,3.2796,3.2261,0.0535,0,1,1,13:52,13:52,YOLO_tubes,,
03/06/2026,5,29,MY7,17,0.1mM,R,0.1mM,3.1849,3.1331,0.0518,0,1,1,13:52,13:52,YOLO_tubes,,
03/06/2026,5,29,MY7,18,0.5mM,L,S,3.2741,2.9647,0.3094,1,1,1,13:52,13:52,YOLO_tubes,,
03/06/2026,5,29,MY7,18,0.5mM,R,0.5mM,3.2708,2.9933,0.2775,1,1,1,13:52,13:52,YOLO_tubes,,
03/06/2026,5,29,MY7,19,Control,L,S,NA,NA,NA,NA,NA,NA,13:52,13:52,YOLO_tubes,,
03/06/2026,5,29,MY7,19,Control,R,S,NA,NA,NA,NA,NA,NA,13:52,13:52,YOLO_tubes,,
03/06/2026,5,29,MY7,20,5mM,L,5mM,3.2969,3.2264,0.0705,0,1,1,13:52,13:52,YOLO_tubes,,
03/06/2026,5,29,MY7,20,5mM,R,S,3.3071,3.2501,0.057,0,1,1,13:52,13:52,YOLO_tubes,,
04/06/2026,4,30,MY8,1,2.5mM,L,2.5mM,3.3781,3.3113,0.0668,1,1,1,15:00,15:02,YOLO_tubes,,
04/06/2026,4,30,MY8,1,2.5mM,R,S,3.334,2.8744,0.4596,1,1,1,15:00,15:02,YOLO_tubes,,
04/06/2026,4,30,MY8,2,0.1mM,L,S,3.2963,3.1358,0.1605,1,1,1,15:00,15:02,YOLO_tubes,,
04/06/2026,4,30,MY8,2,0.1mM,R,0.1mM,3.3218,3.0888,0.233,1,1,1,15:00,15:02,YOLO_tubes,,
04/06/2026,4,30,MY8,3,Control,L,S,3.3659,3.1465,0.2194,1,1,1,15:00,15:02,YOLO_tubes,,
04/06/2026,4,30,MY8,3,Control,R,S,3.3224,3.1046,0.2178,1,1,1,15:00,15:02,YOLO_tubes,,
04/06/2026,4,30,MY8,4,0.5mM,L,S,3.2647,3.1641,0.1006,1,1,0,15:00,15:02,YOLO_tubes,,
04/06/2026,4,30,MY8,4,0.5mM,R,0.5mM,3.301,3.2544,0.0466,1,1,0,15:00,15:02,YOLO_tubes,,
04/06/2026,4,30,MY8,5,5mM,L,5mM,3.3093,3.2324,0.0769,1,1,1,15:00,15:02,YOLO_tubes,,
04/06/2026,4,30,MY8,5,5mM,R,S,3.1987,2.8455,0.3532,1,1,1,15:00,15:02,YOLO_tubes,,
04/06/2026,4,30,MY8,6,Control,L,S,3.3247,3.2157,0.109,1,1,1,15:00,15:02,YOLO_tubes,,
04/06/2026,4,30,MY8,6,Control,R,S,3.2758,3.191,0.0848,1,1,1,15:00,15:02,YOLO_tubes,,
04/06/2026,4,30,MY8,7,0.5mM,L,S,3.3703,3.2538,0.1165,1,1,1,15:00,15:02,YOLO_tubes,,
04/06/2026,4,30,MY8,7,0.5mM,R,0.5mM,3.277,3.0667,0.2103,1,1,1,15:00,15:02,YOLO_tubes,,
04/06/2026,4,30,MY8,8,0.1mM,L,S,3.3695,3.1918,0.1777,1,1,1,15:00,15:02,YOLO_tubes,,
04/06/2026,4,30,MY8,8,0.1mM,R,0.1mM,3.3086,3.1253,0.1833,1,1,1,15:00,15:02,YOLO_tubes,,
04/06/2026,4,30,MY8,9,2.5mM,L,2.5mM,3.3314,3.2409,0.0905,1,1,1,15:00,15:02,YOLO_tubes,,
04/06/2026,4,30,MY8,9,2.5mM,R,S,3.3264,2.8495,0.4769,1,1,1,15:00,15:02,YOLO_tubes,,
04/06/2026,4,30,MY8,10,5mM,L,5mM,3.3388,3.2354,0.1034,1,1,1,15:00,15:02,YOLO_tubes,,
04/06/2026,4,30,MY8,10,5mM,R,S,3.3941,3.0932,0.3009,1,1,1,15:00,15:02,YOLO_tubes,,
04/06/2026,5,31,MY8,11,Control,L,S,3.3495,3.1844,0.1651,1,1,1,15:24,15:25,YOLO_tubes,,
04/06/2026,5,31,MY8,11,Control,R,S,3.3357,3.05,0.2857,1,1,1,15:24,15:25,YOLO_tubes,,
04/06/2026,5,31,MY8,12,2.5mM,L,2.5mM,3.3687,3.3067,0.062,1,1,1,15:24,15:25,YOLO_tubes,,
04/06/2026,5,31,MY8,12,2.5mM,R,S,3.3174,3.1255,0.1919,1,1,1,15:24,15:25,YOLO_tubes,,
04/06/2026,5,31,MY8,13,0.1mM,L,0.1mM,3.3023,3.2311,0.0712,0,1,1,15:24,15:25,YOLO_tubes,,
04/06/2026,5,31,MY8,13,0.1mM,R,S,3.4103,3.3372,0.0731,0,1,1,15:24,15:25,YOLO_tubes,,
04/06/2026,5,31,MY8,14,0.5mM,L,S,3.4065,3.3395,0.067,1,1,1,15:24,15:25,YOLO_tubes,,
04/06/2026,5,31,MY8,14,0.5mM,R,0.5mM,3.252,2.9956,0.2564,1,1,1,15:24,15:25,YOLO_tubes,,
04/06/2026,5,31,MY8,15,5mM,L,5mM,3.3164,3.2521,0.0643,1,1,1,15:24,15:25,YOLO_tubes,,
04/06/2026,5,31,MY8,15,5mM,R,S,3.338,2.9145,0.4235,1,1,1,15:24,15:25,YOLO_tubes,,
04/06/2026,5,31,MY8,16,0.5mM,L,0.5mM,3.2777,3.0691,0.2086,1,1,1,15:24,15:25,YOLO_tubes,,
04/06/2026,5,31,MY8,16,0.5mM,R,S,3.3069,3.0414,0.2655,1,1,1,15:24,15:25,YOLO_tubes,,
04/06/2026,5,31,MY8,17,Control,L,S,3.2868,3.2219,0.0649,1,1,1,15:24,15:25,YOLO_tubes,,
04/06/2026,5,31,MY8,17,Control,R,S,3.286,2.9603,0.3257,1,1,1,15:24,15:25,YOLO_tubes,,
04/06/2026,5,31,MY8,18,5mM,L,5mM,3.3328,3.2853,0.0475,0,1,1,15:24,15:25,YOLO_tubes,,
04/06/2026,5,31,MY8,18,5mM,R,S,3.3139,3.2508,0.0631,0,1,1,15:24,15:25,YOLO_tubes,,
04/06/2026,5,31,MY8,19,2.5mM,L,2.5mM,NA,NA,NA,NA,NA,NA,15:24,15:25,YOLO_tubes,,
04/06/2026,5,31,MY8,19,2.5mM,R,S,NA,NA,NA,NA,NA,NA,15:24,15:25,YOLO_tubes,,
04/06/2026,5,31,MY8,20,0.1mM,L,0.1mM,3.3595,3.3057,0.0538,0,1,1,15:24,15:25,YOLO_tubes,,
04/06/2026,5,31,MY8,20,0.1mM,R,S,3.2834,3.1713,0.1121,0,1,1,15:24,15:25,YOLO_tubes,,
16/06/2026,5,32,MY6,1,Control,L,S,3.2714,2.5574,0.714,1,1,1,12:39,12:39,YOLO40,,
16/06/2026,5,32,MY6,1,Control,R,S,3.292,3.1605,0.1315,1,1,1,12:39,12:39,YOLO40,,
16/06/2026,5,32,MY6,2,0.5mM,L,0.5mM,3.3092,3.04,0.2692,1,1,1,12:39,12:39,YOLO40,,
16/06/2026,5,32,MY6,2,0.5mM,R,S,3.2284,3.0057,0.2227,1,1,1,12:39,12:39,YOLO40,,
16/06/2026,5,32,MY6,3,5mM,L,S,3.353,2.8666,0.4864,1,1,1,12:39,12:39,YOLO40,,
16/06/2026,5,32,MY6,3,5mM,R,5mM,3.3449,3.2333,0.1116,1,1,1,12:39,12:39,YOLO40,,
16/06/2026,5,32,MY6,4,0.1mM,L,0.1mM,3.3367,2.9541,0.3826,1,1,1,12:39,12:39,YOLO40,,
16/06/2026,5,32,MY6,4,0.1mM,R,S,3.3511,3.2709,0.0802,1,1,1,12:39,12:39,YOLO40,,
16/06/2026,5,32,MY6,5,2.5mM,L,S,3.1662,3.0867,0.0795,0,1,1,12:39,12:39,YOLO40,,
16/06/2026,5,32,MY6,5,2.5mM,R,2.5mM,3.2836,3.2065,0.0771,0,1,1,12:39,12:39,YOLO40,,
16/06/2026,5,32,MY6,6,5mM,L,5mM,3.2615,3.1727,0.0888,1,1,0,12:39,12:39,YOLO40,,
16/06/2026,5,32,MY6,6,5mM,R,S,3.2899,3.21,0.0799,1,1,0,12:39,12:39,YOLO40,,
16/06/2026,5,32,MY6,7,0.5mM,L,0.5mM,3.2514,3.0768,0.1746,1,1,0,12:39,12:39,YOLO40,,
16/06/2026,5,32,MY6,7,0.5mM,R,S,3.3303,3.2601,0.0702,1,1,0,12:39,12:39,YOLO40,,
16/06/2026,5,32,MY6,8,0.1mM,L,0.1mM,3.209,3.0262,0.1828,1,1,1,12:39,12:39,YOLO40,,
16/06/2026,5,32,MY6,8,0.1mM,R,S,3.273,2.8167,0.4563,1,1,1,12:39,12:39,YOLO40,,
16/06/2026,5,32,MY6,9,2.5mM,L,2.5mM,3.3753,3.2549,0.1204,1,1,1,12:39,12:39,YOLO40,,
16/06/2026,5,32,MY6,9,Control,R,S,3.3517,2.9326,0.4191,1,1,1,12:39,12:39,YOLO40,,
16/06/2026,5,32,MY6,10,2.5mM,L,2.5mM,3.2823,3.184,0.0983,1,1,0,12:39,12:39,YOLO40,,
16/06/2026,5,32,MY6,10,2.5mM,R,S,3.3524,3.2769,0.0755,1,1,0,12:39,12:39,YOLO40,,
17/06/2026,5,33,MY5,1,2.5mM,L,2.5mM,3.2168,3.1524,0.0644,1,1,1,13:25,14:45,YOLO40,,
17/06/2026,5,33,MY5,1,2.5mM,R,S,3.2569,3.0118,0.2451,1,1,1,13:25,14:45,YOLO40,,
17/06/2026,5,33,MY5,2,0.5mM,L,S,3.3848,3.2928,0.092,1,1,1,13:25,14:45,YOLO40,,
17/06/2026,5,33,MY5,2,0.5mM,R,0.5mM,3.3038,3.024,0.2798,1,1,1,13:25,14:45,YOLO40,,
17/06/2026,5,33,MY5,3,Control,L,S,3.1223,2.8954,0.2269,1,1,1,13:25,14:45,YOLO40,,
17/06/2026,5,33,MY5,3,Control,R,S,3.2393,2.9989,0.2404,1,1,1,13:25,14:45,YOLO40,,
17/06/2026,5,33,MY5,4,5mM,L,S,3.3342,3.239,0.0952,0,1,1,13:25,14:45,YOLO40,,
17/06/2026,5,33,MY5,4,5mM,R,5mM,3.3101,3.2492,0.0609,0,1,1,13:25,14:45,YOLO40,,
17/06/2026,5,33,MY5,5,0.1mM,L,0.1mM,3.2038,3.1619,0.0419,1,1,0,13:25,14:45,YOLO40,,
17/06/2026,5,33,MY5,5,0.1mM,R,S,3.3477,3.2981,0.0496,1,1,0,13:25,14:45,YOLO40,,
17/06/2026,5,33,MY5,6,2.5mM,L,S,3.3054,3.2375,0.0679,0,1,1,13:25,14:45,YOLO40,,
17/06/2026,5,33,MY5,6,2.5mM,R,2.5mM,3.4085,3.2968,0.1117,0,1,1,13:25,14:45,YOLO40,,
17/06/2026,5,33,MY5,7,Control,L,S,3.339,3.2759,0.0631,1,1,1,13:25,14:45,YOLO40,,
17/06/2026,5,33,MY5,7,Control,R,S,3.3322,3.0699,0.2623,1,1,1,13:25,14:45,YOLO40,,
17/06/2026,5,33,MY5,8,5mM,L,S,3.3846,3.2051,0.1795,1,1,0,13:25,14:45,YOLO40,,
17/06/2026,5,33,MY5,8,5mM,R,5mM,3.3382,3.2839,0.0543,1,1,0,13:25,14:45,YOLO40,,
17/06/2026,5,33,MY5,9,0.5mM,L,0.5mM,3.2886,3.2393,0.0493,0,1,1,13:25,14:45,YOLO40,,
17/06/2026,5,33,MY5,9,0.5mM,R,S,3.348,3.2839,0.0641,0,1,1,13:25,14:45,YOLO40,,
17/06/2026,5,33,MY5,10,0.1mM,L,S,3.3849,3.2384,0.1465,1,1,1,13:25,14:45,YOLO40,,
17/06/2026,5,33,MY5,10,0.1mM,R,0.1mM,3.1581,3.0344,0.1237,1,1,1,13:25,14:45,YOLO40,,
17/06/2026,5,34,MY5,11,2.5mM,L,2.5mM,3.2636,3.2025,0.0611,1,1,1,14:35,14:45,YOLO40,,
17/06/2026,5,34,MY5,11,2.5mM,R,S,3.3309,3.2442,0.0867,1,1,1,14:35,14:45,YOLO40,,
17/06/2026,5,34,MY5,12,0.5mM,L,0.5mM,3.3288,3.2228,0.106,1,1,1,14:35,14:45,YOLO40,,
17/06/2026,5,34,MY5,12,0.5mM,R,S,3.1601,2.6415,0.5186,1,1,1,14:35,14:45,YOLO40,,
17/06/2026,5,34,MY5,13,Control,L,S,3.4015,3.2413,0.1602,1,1,1,14:35,14:45,YOLO40,,
17/06/2026,5,34,MY5,13,Control,R,S,3.4087,3.3391,0.0696,1,1,1,14:35,14:45,YOLO40,,
17/06/2026,5,34,MY5,14,5mM,L,S,3.3059,3.272,0.0339,1,1,0,14:35,14:45,YOLO40,,
17/06/2026,5,34,MY5,14,5mM,R,5mM,3.2061,3.1553,0.0508,1,1,0,14:35,14:45,YOLO40,,
17/06/2026,5,34,MY5,15,0.1mM,L,S,3.369,3.3228,0.0462,1,1,1,14:35,14:45,YOLO40,,
17/06/2026,5,34,MY5,15,0.1mM,R,0.1mM,3.286,3.059,0.227,1,1,1,14:35,14:45,YOLO40,,
17/06/2026,5,34,MY5,16,5mM,L,5mM,3.3241,3.1509,0.1732,1,1,1,14:35,14:45,YOLO40,,
17/06/2026,5,34,MY5,16,5mM,R,S,3.2517,3.0508,0.2009,1,1,1,14:35,14:45,YOLO40,,
17/06/2026,5,34,MY5,17,0.5mM,L,0.5mM,3.2201,3.1564,0.0637,0,1,1,14:35,14:45,YOLO40,,
17/06/2026,5,34,MY5,17,0.5mM,R,S,3.261,3.221,0.04,0,1,1,14:35,14:45,YOLO40,,
17/06/2026,5,34,MY5,18,0.1mM,L,S,3.2715,3.0756,0.1959,1,1,1,14:35,14:45,YOLO40,,
17/06/2026,5,34,MY5,18,0.1mM,R,0.1mM,3.3398,3.2614,0.0784,1,1,1,14:35,14:45,YOLO40,,
17/06/2026,5,34,MY5,19,Control,L,S,NA,NA,NA,NA,NA,NA,14:35,14:45,YOLO40,,
17/06/2026,5,34,MY5,19,Control,R,S,NA,NA,NA,NA,NA,NA,14:35,14:45,YOLO40,,
17/06/2026,5,34,MY5,20,2.5mM,L,S,3.3202,3.2707,0.0495,0,1,1,14:35,14:45,YOLO40,,
17/06/2026,5,34,MY5,20,2.5mM,R,2.5mM,3.2053,3.1569,0.0484,0,1,1,14:35,14:45,YOLO40,,
